chan_0_exponent0,chan_0_exponent1,chan_0_alpha0,chan_0_alpha1,chan_0_beta0,chan_1_alpha1,chan_3_alpha0,chan_3_beta0,chan_4_alpha1,chan_11_exponent1,chan_13_exponent0,chan_13_alpha0,chan_13_alpha1,chan_14_exponent1,chan_14_alpha1,chan_16_exponent0,chan_16_alpha0,chan_16_alpha1,chan_17_alpha0,chan_18_exponent1,chan_18_alpha0,chan_18_alpha1,chan_29_alpha0,motion,clock,clock_600,participant,log_motion
0.19759792702560022,0.17241323349631277,-0.2599456630652764,-0.0930226550134787,-0.5542830540654528,-0.01187785130022088,-0.17249775351439486,-0.0018631090764863183,-0.23885547556459133,0.03919326488901461,-0.10227602272924555,-0.2200180780480633,-0.04113806216783549,0.056118180898199956,-0.30659293365453133,-0.011957208350013624,-0.20887686277352088,-0.27775175515088296,-0.4628462282988818,0.14121819827225562,-0.522272011149744,-0.3390091087327097,-0.07040268824618073,0,23.883333333333333,24.0,201,0.0
0.14342573530283131,0.1274692534161964,-0.21295292670585245,-0.10800247892272914,0.48559126284649595,-0.03440567274191859,-0.2647367375314756,0.029756094057816727,-0.0828764714511409,0.037012962904078336,-0.11276928739753869,-0.19749456794796574,-0.1773476045882284,0.055410196191893135,-0.28550413721837276,0.012192631961710167,-0.3916857910020082,-0.2513185005266059,-0.14741094750215783,0.06511712832574788,-0.44425864887254707,-0.19540995141342737,-0.18640517076904672,5,19.883333333333333,20.0,201,1.6094379124341003
0.11210415064258276,0.10830785035441963,-0.23752093450340436,-0.09180724946733818,-0.5797619697246129,-0.10298487499481689,0.08365277840804805,-0.9837489683717373,-0.27446929616284427,-0.11142777117319203,-0.08984098402884685,-0.18649768574637526,-0.08818358680139035,-0.08751282652250218,-0.27444411982478095,-0.11598162443620334,-0.013335261620653634,-0.304442955464256,0.0067717508246141304,0.1593601068883924,-0.42371880600297984,-0.2855430333388358,0.01609362973949483,10,22.9,23.0,201,2.302585092994046
0.3134884717482431,0.2772586751152608,-0.07866664327295077,-0.30192241349770355,-1.3747577192076965,-0.10673709169852091,-0.01965213021745495,0.2951430845292448,-0.141927515006223,0.05192955286330506,-0.05091181038319127,-0.08348831367870088,-0.1854356670295307,-0.03454364994088995,-0.21614210510962598,-0.04067164185038347,0.15157186512964696,-0.23908248728246426,-0.1046768735890776,0.25319224610157753,-0.08069861618488043,-0.38911220769201144,0.0826398731644721,20,20.866666666666667,21.0,201,2.995732273553991
-0.01480340872400134,-0.010072571127425487,-0.4434389876538746,-0.13657897202175215,0.486401907588556,-0.09213925996663329,-0.04021000131058942,1.4788892685970734,-0.16082723291565593,0.01985110475334148,0.045651436339775524,0.10695084238733708,-0.07962338432448299,0.15787883976196443,0.05779002533883916,0.0003179477856655431,-0.04684575053979495,-0.008580566423167572,-0.20373555561555642,0.06360653312597907,0.13573915438669248,-0.28099125178093853,0.21291409605265096,0,16.0,16.0,202,0.0
0.05806572633330158,0.09242250778617482,-0.7969660227595616,0.22014288200284127,1.6655752089159264,-0.1092554841314229,-1.1304508126952233,1.6417454290949096,-0.019693535937878218,0.13460545655692427,0.04074850065244755,0.02554956539326336,-0.05637313043515324,0.00629146552971388,0.0318681096339603,-0.2243165587394142,-0.5926912350151361,-0.09674712645890071,0.032087287982660403,-0.01451048004764232,-0.19002474225900234,-0.13267405467814344,-0.998355661185263,5,16.96666666666667,17.0,202,1.6094379124341003
0.12560447907771438,0.0984917234637355,-0.34886819406895464,-0.038508988595223656,2.332963254888651,-0.07562013988853426,-1.3319890539289139,0.8169682470006986,0.09732755250356476,0.0657922049047036,0.002724059441274207,0.23626911625119743,-0.07680862082439122,0.021621415867643254,0.037255185276504704,-0.16862485827538332,0.17151151841919154,-0.14792288100429823,0.2313262677496616,0.023681322802277454,-0.016722291468443232,-0.1371175977757387,-1.2892143487670291,10,19.883333333333333,20.0,202,2.302585092994046
0.06936837530557695,0.07966724312485057,-0.7055804747105114,-0.0876138596802861,0.928700789391592,-0.03608570692964771,-0.4126649012484902,2.1294115938426623,-0.27467266914869776,0.09233705729099569,0.06112428065712351,-0.13440368191014504,-0.10758089627173281,0.1506967360812057,-0.12672333221062088,-0.15386592725102916,-0.3510319573284586,-0.1672617903577356,-0.28228414942651553,0.08032687909939432,0.1043352448474933,-0.17131728562366036,-0.04640269240241458,20,19.883333333333333,20.0,202,2.995732273553991
0.07344127736716803,0.11036363417976697,-0.4030526570428898,-0.06841163242909513,0.8145282279827006,0.2000184655453433,-2.652352952687169,1.1900583115467034,0.06277997857769843,0.1156181585720262,0.05015507352456437,0.6739937454760055,-0.151094803652703,0.05314942458644963,-0.05232424955128845,0.21504291308275436,0.3690514472207562,-0.15430691748283126,0.08860222546166603,0.12693611779486616,-0.450525455483036,-0.22591606903686753,0.20525876190800396,0,18.9,19.0,203,0.0
0.08832653839664498,0.12231211994806486,-0.2440580954223053,-0.16269992493253652,-0.5015221489940936,-0.04363447508660623,0.02301300374601354,-0.408646036067083,-0.17451785270555883,0.05140606598252339,0.05549191192442932,-0.4308941098547384,-0.022945303570807894,0.10344272984392011,-0.006835095551338391,-0.011720641719422262,-0.056826462951228715,0.07656122734335104,-0.3797209755314862,0.19005223264583587,0.08949717386319433,-0.010488220151702463,0.3106637469886486,5,19.876666666666665,19.992592592592594,203,1.6094379124341003
0.17988591583458807,0.20496443589566188,0.7192877850420222,0.06430547398890397,0.04896044311215508,0.3706200389426704,1.5233764154253864,-0.26234699934254124,0.09682255272219273,0.07651460112419188,0.01884339022649127,0.6694131306902562,-0.08296311097953267,0.008645344107892526,-0.033674122780347315,0.04820364847412127,-0.24989577586507059,0.03990651157949246,0.019509132473915468,0.09662908922114705,-0.9100841560051715,-0.11468633516242367,,10,20.93333333333333,21.0,203,2.302585092994046
-0.09014183882805529,-0.010733430450279751,-0.6680167527590455,-0.19951030415640836,0.8850755589349759,-0.23762121409487777,1.5129793665905387,0.6571574403047221,0.11599693978941997,0.06451004938607842,0.019175092127806857,0.534892517802899,-0.12307901348687618,0.028502121916975796,-0.060625876030882986,-0.0639118706610491,-0.12370137470881146,-0.15064297035835256,-0.033453797977662916,0.015597334184984095,-0.17182159986356627,-0.2789458960937854,0.9951057953189286,20,19.883333333333333,20.0,203,2.995732273553991
0.17383871942168252,0.1566025356876818,0.3705699340144632,-0.09073790967458403,1.2439374139210244,-0.12554571409106235,0.4198263363858091,1.0733584589017,-0.21336842034234,0.1721817732614919,0.0912153236910313,0.5011649843894449,0.046701252953158946,0.028153141410529638,-0.21763436923384483,0.09195905391384089,0.274466110532363,-0.17812675867767386,0.0890573113431206,0.15057355873629305,0.2931851932785245,-0.08002881266265645,1.3315255193100766,0,21.883333333333333,22.0,204,0.0
0.2802613085835275,0.18727402990421316,0.5639379411887752,0.10626639689534671,0.07748437955616011,-0.15017834205469383,0.5686537926984438,1.3557885525120348,0.13731010848946637,-0.07738003990340481,0.04642021827505011,0.6841383692560371,-0.011134336978374747,0.061838873803867885,-0.09243479445878475,0.010533610049606795,0.3660986814136159,-0.04668339830593432,0.229886841101076,-0.02505539565240475,0.21125076942434196,-0.08041328541822575,-0.014655076754425567,5,19.9,20.0,204,1.6094379124341003
0.2158084130987267,0.20770720206065071,0.7313752800800583,-0.2825161974035816,0.1167481362638222,-0.1438688133102968,0.6859391629814108,1.273633866209042,-0.21458240222206992,0.11474915386641857,0.034503295562987375,0.3344031981401671,-0.09106329806222589,0.0981919152118714,-0.15230575903668556,0.0829354288824891,0.13169071145083397,-0.13464799097945188,0.7973703724789202,0.0812478868073968,0.5024543165166209,-0.29481728746801367,0.5093497855264459,10,19.883333333333333,20.0,204,2.302585092994046
0.3073782582250718,0.28648128889349733,0.5182032179987144,-0.43568788994970137,0.8644654797181717,-0.2182374515584192,0.6343728679287852,1.375134915789842,-0.17473278022633856,0.10007409070620125,-0.030335966649248265,0.48822245200549047,-0.12978686651634294,0.13764198678880718,-0.26835438224597546,0.14231274600589272,0.40120250140094815,-0.17860055467856042,0.5476043318267728,0.0014854003390231208,0.44722137293834086,-0.11152142202756073,0.2910110030337328,20,19.883333333333333,20.0,204,2.995732273553991
-0.04988311193029763,-0.043466210355400756,-0.38452322541754946,-0.08691910343594028,0.8561657783386117,-0.0399070807620245,-0.674314034927658,-0.4552286336760486,-0.026228416758605502,0.05788397756297128,-0.1521955331153825,0.30745132483303783,-0.021009254085760265,-0.04832029483932174,0.06327089026604064,-0.10709048595863714,-0.5945958527965058,-0.06933488459004702,-1.145349724937808,0.08600811699117032,-0.5148242763305533,-0.16042717038759785,-0.14473066048884897,0,16.823333333333334,16.85185185185185,205,0.0
0.019621042794581066,0.04939193240707156,-0.33757269908661314,-0.07669395887330967,1.3909996782426681,-0.1999642404926577,-0.4231722020340769,0.3977079057034304,-0.1806523500808764,0.12696082891869911,-0.16503818114463106,-0.255378653431447,-0.09416257586026731,0.04018945791336347,-0.089585771844182,0.02703739694476108,-0.23242576325329817,-0.021113740492679164,-0.3935019734136837,0.02494264817594894,-1.1558558810879704,-0.25192496382840285,-0.5895172883410673,5,19.69,19.807407407407407,205,1.6094379124341003
-0.0202207352962203,-0.010491538173295506,-0.7922542505100428,-0.11935890414684154,0.920793616902252,0.11960682926887684,-0.45134221870938357,0.7722477241523583,-0.2687213902055093,0.1664451924608883,-0.07868569843833476,-0.4900680430609894,-0.11139108331470181,0.01287809041335716,0.16494247267182263,0.025901605950073858,-0.19846243235254263,-0.15314810326423672,-0.09898809967264946,-0.0235308518062799,-0.8029496899455735,-0.1425841101483713,-0.6872478323046333,10,19.686666666666667,19.796296296296298,205,2.302585092994046
0.055485151509860296,0.024583421088623356,-0.5157800580393552,-0.17821197841118935,-0.9749414114791743,-0.011706384490995599,-1.1155126688478056,0.11651390195075097,0.05058498588100923,0.12844054387636075,-0.0647997770813683,-0.8529775622127076,-0.10224602380027988,0.1022851750700034,-0.14816802842217333,0.027458279088109046,0.0012980183555538602,0.021098640755283383,-0.6925917846468177,0.05600943564456743,-0.5181998314848139,-0.10130243580231701,-0.24421101661206399,20,19.73,19.848148148148145,205,2.995732273553991
-0.24988782022400433,-0.13579000785632306,-0.27427448348939426,-0.19482421390212615,1.3549531996806319,-0.1597874479173997,-0.006295886668015282,0.5374679297067534,-0.236756365610069,-0.1486044591624593,-0.11203112215193167,0.17230554661237452,-0.060848867683546026,-0.1447034823429308,-0.11294209192390506,-0.15057800863753568,0.15720144807123992,-0.2035597329476457,0.011371429969622641,-0.11598293968701738,-0.26725137275155697,-0.12005832586621143,0.02776465498540811,0,19.9,20.0,206,0.0
-0.24247904319373675,-0.14499812780573326,0.25121851020243435,-0.3011905498527479,-2.3980601971759663,-0.24981704087452883,-0.15911490557953203,-1.1670484691630876,-0.28727577102755825,-0.08310390264785938,-0.05015599680598769,0.012384403869429916,-0.15772250553587477,-0.16020413806681771,-0.1650326313454293,-0.2510883940059223,-0.06639824332838369,-0.21666973119879782,0.07928945818634153,-0.11527418250163084,0.013709884583888629,-0.12961484073297305,-0.19653942315241277,5,17.9,18.0,206,1.6094379124341003
-0.12328981114218099,-0.030847980421592487,-0.3197316902621161,-0.27788582588702787,-0.5977873607236093,-0.13539596049411376,-0.07825285139724338,1.8772724563842076,-0.29227022027293065,-0.011502984491194617,-0.012153304453098852,-0.17782463515005395,-0.12707800613684903,-0.07035040330003288,-0.15678308561296656,-0.21132523871974823,-0.07004140444097867,-0.18452200299819943,0.024627685362258126,-0.10439215889858573,-0.17475229190517597,-0.129695319481297,-0.20773846542209418,10,19.883333333333333,20.0,206,2.302585092994046
0.027339668362105538,0.06336287224451291,-0.39731691023381316,-0.10469489510568158,0.7088894580454213,-0.21589277444060417,-0.2916786122540422,-1.3192103086695814,-0.16005533620989673,-0.08740599017592006,-0.03236226514494991,-0.081886149826645,-0.03899090081437161,-0.17664770328754603,0.016108581573690193,-0.22917487834335182,-0.21404473130713025,-0.052801674075532636,0.12827929600981886,-0.09579106675611902,-0.17700384824341675,-0.1748758381311162,-0.26162155437539464,20,18.93333333333333,19.0,206,2.995732273553991
-0.023434792718504648,0.05039545950880545,-0.23066493767961352,-0.30700012655140174,0.6236525347835488,-0.261600078904943,-0.45302449656835336,1.3607386155906627,-0.3455590712942828,0.08630568131098591,0.005988578037251421,-0.10897681978206725,-0.15646647275804595,0.013624815800843853,-0.19730682453928253,-0.15143349481869495,-0.20361291779975263,-0.22427337694017294,-0.1616048030568089,0.10537864655105653,-0.6344466919378726,-0.41026017633046236,-0.19610514968403242,0,20.866666666666667,21.0,207,0.0
0.07339936520448143,0.1424023117815885,-0.17467737603051703,-0.4492822151405372,1.0667090183158983,-0.28957411291224716,-0.18232393714439143,0.40128579672305165,-0.4342066140293339,0.014168327129978392,-0.04493199046069514,0.22544170928895346,-0.22080199912742182,0.052516899376951566,-0.24090502471183203,0.16682180815961414,-0.1027278809320062,-0.49369736949486925,-0.12484905920751813,0.2169791346230922,-0.3400265754224965,-0.5250197728352373,-0.23939766951432362,5,19.863333333333333,19.97777777777778,207,1.6094379124341003
0.20254827164896225,0.19900393233943742,-0.24217508775236146,-0.47253784377458263,1.4659833910900772,-0.3398457251092085,-0.13793344520966042,1.8142013921471938,-0.5394301710981849,0.07644490524603857,0.01803705277186828,-0.130624403924907,0.0008317155714145345,0.005170186232856569,-0.2102177011398658,-0.031243953397504343,0.02621861244867036,-0.22613382291151404,-0.23454487567699928,0.05040125384162375,-0.13425229524210278,-0.39540115450272356,-0.16346403489393035,10,19.883333333333333,20.0,207,2.302585092994046
0.18072423644920751,0.15170172755831515,-0.45145254094055376,-0.36817438677155745,0.7600204838419952,-0.27598301606021003,-0.8360138461547737,1.300127202128098,-0.36277995916343214,0.0016083854380533876,-0.03310424833749221,-0.02142155926118981,-0.11973369361999683,0.10575919289549829,-0.20554622355414665,0.01707695964259502,-0.25761536592126827,-0.31973883571243533,-0.12269639746047331,0.15589277382228195,-0.22307355410007743,-0.2888929317042004,-0.2860991953066051,20,19.883333333333333,20.0,207,2.995732273553991
-0.08899352185862386,0.057506872015447304,-0.39765333081048587,-0.45575088413746123,0.8496756284176182,-0.2508124897265267,-0.2514666663264393,1.6808218856049206,-0.3537093367342119,-0.01541670170590484,-0.10197793387206677,-0.28746277120056535,-0.14263360070906048,-0.003595189128309018,-0.14881802973139388,-0.19954740123627904,-0.39822457797096783,-0.11241698216124174,-0.048359009762525974,-0.04696541746835319,-0.6158152811487275,-0.18806218380505432,-0.31792786731531625,0,18.9,19.0,208,0.0
-0.14871501030367218,0.018593629383463872,-0.5278627588803172,-0.48123971995552617,0.5827668503722917,-0.35798723008777306,-0.8902536847024772,0.03809831699297582,-0.3757856445222263,0.06009346575502748,-0.1340531649793874,-0.3971929333050099,-0.16825312516394034,-0.05151522795007385,-0.13363993318281417,-0.1751294466117918,-0.5528546319083709,-0.14934485421300325,-0.2191187493207361,-0.030596304517137164,-0.6321762460561737,-0.25081789998448706,-0.5539875709067026,5,19.883333333333333,20.0,208,1.6094379124341003
-0.22266166630692535,-0.03425671021935702,-0.2714081896972272,-0.3775298462674859,1.4941287386114974,-0.26632418997765717,-0.34077083185827767,1.1959976269794605,-0.5275397999172919,0.05599020254041474,-0.11635177734738085,-0.3821563162981887,-0.28860679330057815,0.08132794504272012,-0.07778573713725573,-0.047898309222528496,-0.30021747206127913,-0.14489062810339756,-0.08307123696832136,0.02366005742540939,-0.5197343604199032,-0.2605871797851401,-0.433568141657556,10,15.916666666666666,16.0,208,2.302585092994046
-0.27597434107491114,-0.11420303598257137,-0.46415050010611636,-0.48536080135702003,1.2280478490088778,-0.29069376500919725,-0.3812896005013525,0.8967841866616103,-0.49997785464624184,-0.15326411405161267,-0.1431960819491106,-0.16967552361643035,-0.24498737875866292,-0.04462981458287574,-0.13968326689562846,-0.19096240635577316,-0.5920299144661286,-0.23085093155368008,-0.05515247778871272,-0.14865387919793122,-0.4519357144993983,-0.23708640876841658,-0.34928720572502353,20,19.883333333333333,20.0,208,2.995732273553991
-0.013437072075105683,0.013664812794368219,-1.1346708653275683,-0.05241122675127226,0.15783853577224555,-0.044729984661388736,-0.2931258144140926,2.325472668135941,-0.13252960882198656,0.16949429731781698,-0.08362773526026819,-0.7748782760267692,-0.31612287582214804,0.18031098440658594,-0.22096849360468998,0.0615241858751287,0.2698883910861318,-0.033308785213552614,0.08763588187434153,0.07716777101561079,0.15994785502844636,-0.20914323734256282,-0.8095351095233656,0,18.9,19.0,209,0.0
0.3720358830403624,0.31613086416788483,-0.6980674730345515,-0.3436533481334929,0.8248466067510671,-0.14379411984243154,-0.2955778146486776,0.1554124119343481,-0.20448042760038682,0.11056422746795153,0.01564650416077513,-0.5982817838111738,-0.19455110384861735,0.2881235261337773,-0.21834490425103584,0.36923242489302965,0.03106811561892308,-0.1473515485083359,-0.03551103392894107,0.0950993921816228,-0.04552707701211044,-0.15726033218725677,-0.9358607221069049,5,19.949999999999996,20.0,209,1.6094379124341003
0.4668629552159534,0.36037180836866817,-0.8455433231739764,-0.26115283690745966,0.8853466728668422,-0.18440716219862402,-0.40189946520137754,0.8656421947075985,-0.22829344340699217,0.22282237902216218,0.11602188102129217,-0.8449884279197614,-0.3233642212850557,0.3670921096803424,-0.3145389005335016,0.3085194023089552,0.055420447773885925,-0.20234716345810214,0.07764528618909847,0.08593981967256067,0.28237552681542966,-0.21910534171593263,-0.48863295357155007,10,19.883333333333333,20.0,209,2.302585092994046
0.427684089740693,0.31493555885881186,-1.5353515362811054,-0.1983555965584494,1.574091543644739,-0.11896207804682597,-0.8223551771077843,1.1442748142444883,-0.15390217386618388,0.1908083813918935,0.03746719059875129,-1.344557373678533,-0.1713734590497318,0.19349767923464328,-0.24683411237358494,0.07086355937102572,0.00277914441963213,-0.1423722354860337,-0.3773967026594605,-0.0969724325027532,-0.031650698147871754,-0.21767383646957286,-0.9154789000180711,20,18.9,19.0,209,2.995732273553991
-0.009505923064263566,0.018776198846638798,-0.9621501037575204,0.026940975214637397,1.5659001596423119,0.10427334621413199,-0.3200046925557041,0.892042029593696,-0.15041580372522606,0.03474515874561992,0.1152833582960527,-0.15024679060554474,-0.026042012345177404,0.0434678387163151,-0.10302800067432039,-0.06604952940881932,0.5127633647038252,-0.06969649243737262,-0.32848116140143474,0.019723353458438935,0.008305118220155434,-0.002969519342614853,-0.19249522636271912,0,19.94333333333333,20.0,210,0.0
0.20527539454582866,0.16041260587250308,0.004742661109766624,-0.024670887205544893,0.8722321590401979,0.005433311425605451,-0.05728372867743373,0.6880362321815898,-0.13298458449902645,0.20085853378411234,0.09724840830799378,0.3924612250945393,0.0438579575285449,0.21213308916507845,-0.1066245297152814,-0.05012852474359749,0.44476570820063754,-0.040405301695441875,-0.8439698904830293,0.05041508386870198,0.5709132554198109,-0.11013227268817033,-0.1377655383544563,5,20.866666666666667,21.0,210,1.6094379124341003
0.07859964813464963,0.06970630416589547,0.1026439150178655,-0.04147368563975377,1.012131310770148,-0.023874363581404164,0.7710165703553804,0.8636730768077756,-0.008440103327390855,0.07366253042629113,0.09921925309651147,-0.051426922690131466,-0.025553541643089095,0.1373419080143241,-0.04714434344123467,-0.06635790249310282,0.27017712582633996,0.057172707708849024,-0.09618467769327264,0.013733954036388333,-0.009500660350585863,-0.10589276389900149,-0.630826398542782,10,19.843333333333334,19.962962962962962,210,2.302585092994046
0.07543525444160129,0.09009554225144409,-0.1722829326198252,-0.08821183518110218,1.1950579659712206,0.07021099516149709,-0.06357308445387855,1.8108055464114388,-0.14997975568481958,0.12699834510446628,0.02982410669313945,0.6733439461150788,0.025127943980547955,0.19885193871933385,-0.018156466650226844,-0.1781238275220393,0.278317511867063,0.03412371148318765,-0.19108934896416088,0.07678217322974366,0.18786598644309185,0.033975479162916836,-0.3161197305302262,20,19.883333333333333,20.0,210,2.995732273553991
0.13898082585991173,0.1406706163199571,-0.3331525936921225,0.08464226880145731,-0.12524920279522,-0.042329130388341706,-2.2012053325184096,0.07022560140069392,-0.1940464145575366,-0.0712624260773816,-0.1971773849503716,0.17121594995906758,-0.05172490869744662,-0.16465101875630325,-0.0635675863095848,-0.16455503094022816,-0.4018612474023598,-0.05917271333395753,0.20639751279288457,0.13142750038758597,-0.4192961043516289,-0.09867523822517156,-0.00025769519562087356,0,13.883333333333333,14.0,211,0.0
0.2779233754832973,0.20245537386231358,-0.5466835962032702,-0.22925849936510753,0.9863748018213541,-0.22320124742496006,0.6497589381123583,0.23633325306513767,-0.07340874926243726,-0.010134711868410796,-0.19197619380706454,-0.024957154868580758,-0.07192218694557648,-0.06599129887066192,0.05479669694016861,-0.1276287409599622,0.16561012411316864,0.02172173041620432,0.09559271491226327,0.1303925197340278,-0.13235562284786723,-0.12213784664437824,-0.5557177963771718,5,11.95,12.0,211,1.6094379124341003
0.25266892051798595,0.20597837462655638,0.6552088736317461,-0.4413723901545641,-0.3898685296620524,0.025978434203708132,0.2507805989120264,0.471312643187816,0.1430718885988172,-0.06420383847189194,-0.21029672144447095,-0.21512247880668264,0.07502858883419684,-0.09721284470834098,0.16451872238402024,-0.04503386567242154,0.14388660731091668,0.11992540178525114,0.20946097696643357,0.08361031753094655,-0.00893109655687499,-0.07157702804434674,0.4504445776056946,10,19.883333333333333,20.0,211,2.302585092994046
0.07906791816937561,0.08683357612556727,0.18185872095234373,-0.2622451204087427,0.7618604803283754,-0.036490741003191655,-0.3333945937928535,0.028055463864172844,0.2594400256186468,0.05403738320427556,-0.19944829068511677,-0.27745019837185464,0.04333374488795146,0.0046513849016036595,0.06284442708174619,0.01690230412568845,0.011732806465900542,-0.10693014379223029,0.14717973684765384,0.10330063881200742,0.2412720393619748,-0.08980262568617195,0.4804890105850092,20,13.933333333333334,14.0,211,2.995732273553991
-0.3255331663941335,-0.12109389228032308,-0.5194622049077419,-0.2382088014740914,0.45544908298002207,-0.15812243615455135,-0.5776662860963627,0.713497665014446,-0.35545637653504236,-0.020658573413297347,-0.10586665635107567,0.09756072394299246,-0.1526951417348133,0.11837519428524114,-0.39816946426478467,-0.07984203298976626,-0.09123891687008452,-0.1172068483278547,0.40908445116260206,0.009367837031556645,0.07651578185575457,-0.44757271046606656,0.5002967958917195,0,19.950000000000003,20.0,212,0.0
-0.20491267489875356,-0.0741662739319345,-0.4157723951607338,-0.08181205454846342,0.7167355983566404,-0.26492307349695626,-0.2505282930071575,1.5325595891239165,-0.02860426636483065,0.032468539560488535,0.09991326184554152,0.07615702384591132,-0.030138692254807718,0.2987607995031266,-0.4949036074699447,0.11618343666259472,-0.315824343798409,-0.4419285150465697,0.35933092112395404,-0.08356642550617768,0.053275123811332946,0.02452186816558254,-0.015121134043472559,5,19.883333333333333,20.0,212,1.6094379124341003
-0.10579931983158654,0.03913086445902472,-0.43395844901597386,-0.14433369714041638,2.0626276821796727,-0.08470223891713441,0.13014264393115088,0.19965168880207723,-0.12679871955890043,-0.061571013916776864,-0.06279757497505681,-0.18674703747514587,-0.25459087755814686,0.18973185098984516,-0.45190847113676325,-0.04127684060946587,-0.2602448495957843,-0.3657816069756518,0.2342056183097288,-0.04388554126688918,0.43337309953698,-0.19384548092579054,-0.2352329153854535,10,20.916666666666664,21.0,212,2.302585092994046
-0.22653799955838536,-0.06288266778751117,-0.37990338235703625,-0.18801327126942974,0.4611706358018355,-0.3014326902004517,0.10419974997811961,0.9730466752963864,-0.13705742016992925,-0.10696213917525971,-0.18512814432486305,-0.03278830570044736,-0.2532242894681285,0.0899140454064835,-0.2393595035474053,-0.006819596228671137,-0.21137359286260365,-0.24243552233324986,0.38118554439347807,-0.001473758360955575,-0.003710436548928119,-0.34459616500521234,-0.18762157182731548,20,19.883333333333333,20.0,212,2.995732273553991
0.03548424804815733,0.08306402684588533,-0.2010558014119554,-0.0805408933523387,0.6858901400371743,-0.005089114235058079,-0.17800097123355693,0.6963584028627319,0.05301384231465741,0.017623426086752242,-0.06411401589960336,0.09624922322734163,-0.0013283045217241593,-0.009818856024390284,-0.07369587642033501,-0.028302402449681765,0.5265228119270619,-0.09563915457494367,0.36584332181400697,-0.09361689784195863,0.414510259267228,0.042725156893676425,0.34107525448166265,0,21.9,22.0,213,0.0
-0.05170605563693588,-0.002753661299531472,-0.3861333419159744,-0.04457267676365819,1.3677410751831052,0.06762977506717759,-0.7406882174578068,1.4230308836046321,0.010913351133769456,-0.046331780961534307,-0.09182753065078811,0.2650922481297993,-0.009810002672853936,0.03991433425352167,0.16607943220601054,0.02486188930600114,-0.29461327343435495,0.0751028508991585,-0.185229464772216,0.04525287415723374,0.25841081659966814,-0.05556781849637636,-0.13585976924160706,5,18.916666666666664,19.0,213,1.6094379124341003
0.02398213750398525,0.06408678556645449,-0.07760049514315749,-0.08949392283541138,1.5350673617803796,-0.03261228429644445,-0.5923504866430692,0.3467965068225256,0.11432193629854898,0.04936580878103253,-0.04595423511115304,-0.03735430922620959,-0.09758078899731457,0.028058532598988117,-0.21290376637694677,-0.0997357738279177,-0.17211142529718007,-0.03600122567993222,0.13913002007890127,-0.10590858916462653,-0.0658180533430928,0.06254151952038804,-0.19592005588610012,10,19.883333333333333,20.0,213,2.302585092994046
-0.081479369392346,-0.011012647707109455,-0.31816589756435404,-0.02998560677406481,1.3311316517026899,0.032927760156009796,-0.5015408899558604,0.7595805952351755,0.03931325110992401,0.15915986970345083,-0.03604810740579235,-0.03458604517496314,-0.11022366765438368,0.008659552875013339,-0.044374094228203265,-0.13571514063786905,0.20243392380777958,-0.0597426636311983,-0.23063607518236268,0.0833736950863149,-0.09603429515174129,-0.024170310218409295,0.18399133565681228,20,20.866666666666667,21.0,213,2.995732273553991
-0.050095185542026854,0.028190359023154702,-0.2802310250756851,-0.1924470971488479,0.9852650206939092,-0.04663385132190904,-0.31597769468559334,0.4274403419118565,-0.15510390782176528,0.07677640467401493,0.08233133761263696,-0.10128815035440379,-0.07392024706025042,0.13504695153210933,0.03506205621939631,0.04131941399563984,-0.16469779528279624,0.034831996536134634,-0.021269624363667482,0.23296608010965206,-0.23576331491222988,-0.4354480111365546,-0.30346782857153937,0,20.866666666666667,21.0,214,0.0
0.15532830935227163,0.18685916472910366,-0.3012728927193044,-0.18666333445824593,0.7060247997972526,-0.05062893739192559,-0.6229743531293916,-0.6274763156763925,0.001955836365250783,-0.023215373124575066,-0.1224978697579592,-0.12879392425292488,0.06478621824623268,0.02589822107445125,0.16997940108619172,-0.1661765943583171,-0.36988868662631685,0.15866956700392978,-0.2777909837902284,0.3465313695773127,-0.2678698690148843,-0.3260878447385625,-0.5640361585740221,5,19.883333333333333,20.0,214,1.6094379124341003
0.1202970387233315,0.13576933960010573,-0.4042462282488184,-0.11409854432530284,0.6211825919856723,-0.10564393271670793,-0.46563302454052663,0.3462593979653661,-0.0771334027914642,0.024981138752496464,-0.06001685832477841,0.006651667978074728,-0.04301817536512266,0.006318615858943057,0.11934610076955313,-0.0044002151615614585,-0.024742643628473563,0.15163829007720883,-0.0970073283906417,0.21458447631067756,-0.14466438034558562,-0.28516968804792925,-0.332676245296954,10,19.883333333333333,20.0,214,2.302585092994046
-0.12285739993952072,-0.05360753216986783,-0.16103646078491335,-0.17046227131379763,1.5106479921173792,-0.06871944067128984,-0.28301852947505113,0.4566866764038398,-0.04415163134754582,0.015289050412860817,0.008667472387803507,0.10308849739525792,-0.11473795556455016,-0.08043559441626807,0.12469463364295649,-0.10903743219795946,-0.1744660116130572,0.1615704108076266,-0.06074860607164644,0.09778064474627175,-0.2628415170856879,-0.23719822748823835,-0.19026148364226936,20,17.916666666666664,18.0,214,2.995732273553991
0.007066803124672008,0.045337038187552296,0.00469794393854889,-0.19043847759089716,-0.037429535647134325,-0.28173423204321835,0.2012208973916942,0.6931545603238638,-0.11002210010784359,0.005846305218818678,-0.19548373034546185,0.013850077031369456,-0.13051315539313033,-0.09627794362620508,-0.031406059054371153,-0.11613621651711493,-0.4538540955736207,-0.04749844985140938,-0.4529654903467298,-0.04745947538136307,0.054894467497894256,-0.2265088615564209,0.12647508168566846,0,20.949999999999996,21.0,215,0.0
0.26036028324415417,0.19761877706785538,-0.0477830216395339,-0.27906831827073353,0.28200794087878406,-0.3604541260250275,-0.10445176763839768,0.5077074843070453,-0.08192110369914536,0.0011379732312338442,-0.11452990637400737,-0.28224154966087905,-0.13322862476669237,-0.0027278501832928817,-0.1445651749226213,-0.07415883314618413,-0.09862425018196701,-0.16198922727806228,-0.4209381081551284,-0.013480292923342987,-0.5043112807832132,-0.3018102129229528,0.30143286581950945,5,18.916666666666664,19.0,215,1.6094379124341003
0.05168905818391876,0.048503853404047004,0.021075528744318183,-0.0913467081115283,-0.47526676168555904,-0.04638653194914455,-0.5326473337125693,-1.5462399103016482,-0.1842518760377366,0.037187476514835,-0.2538459576933863,0.15881904086907728,-0.03492613560959075,-0.15544137898732174,0.059157246407771875,-0.1580024385303151,-0.0889518865717452,-0.030235722038433,-0.25674800999173936,0.06182820649806604,-0.3122596153723957,-0.15871674055143198,-0.11836718998399341,10,20.866666666666667,21.0,215,2.302585092994046
0.044011667292652226,0.05642140576494769,0.02581532959682437,-0.2571936608780437,-1.0120369974215007,-0.2465391535588781,0.16507640528679055,-0.6871065822008828,-0.09132978032078035,0.04029220045228036,-0.12042740654911957,0.3957190083912346,-0.19357732921652637,-0.14306616489094828,-0.0217017538126275,-0.2692723832368606,-0.04821204695746802,0.10173544769708015,0.09124536565803575,-0.009861672790778734,-0.032825039905644296,-0.07490823426788082,-0.12150343277709874,20,18.883333333333333,19.0,215,2.995732273553991
-0.03655765281893654,-0.0009586986879112527,-0.5306101835693962,-0.16315986403406926,0.5359619742408765,-0.20009599434283934,-0.10150398829570918,0.28088826188511423,-0.12349902002485211,0.14896964370816174,0.04498603423313624,0.24895255619618342,-0.1361753770991222,0.06675015181353741,-0.08633404182485532,0.11959360057484135,0.025447946951524185,-0.11800852512568039,-0.08210529011195275,0.2071088156236066,0.0005944049208132904,-0.1442279325037099,-0.24366182899903435,0,18.886666666666663,18.985185185185188,216,0.0
0.07050687509157072,0.0764780284454944,-0.2244787768563165,-0.1345741209944912,-0.18600598710469662,-0.1523881637128827,-0.24565261052370532,0.6657033432529079,-0.2046757794846222,0.13898494967977465,0.007378608556198142,-0.22619440920677747,-0.08662014132841142,-0.04959165418454873,-0.10236555758438101,-0.024946011648196837,-0.040760664955032284,-0.05593066919626548,0.2971740116285345,0.1394785737195217,0.23148485309856373,0.05609755596932008,0.11790288003059872,5,18.9,19.0,216,1.6094379124341003
0.05446264872393675,0.06974017381375971,-0.6803485802635236,-0.2214101442689727,3.389229079955287,-0.24684112273675396,-0.6821977888176817,0.4391375787927584,-0.24178073503457867,0.1179319408493693,0.0428436932652003,-0.1667357271286141,-0.1152511362272232,0.032384439600683046,-0.05724515250216073,0.006830006739780837,0.4895714850160551,-0.10995389445992972,0.03694943787066393,0.15599737106430206,0.34161996250874604,-0.06298160249113402,-0.2900977915074801,10,19.863333333333333,19.98148148148148,216,2.302585092994046
-0.01605369282679661,0.019982046219032358,-0.1443585405723722,-0.1285390407843334,1.836324243741096,-0.20946976449694843,-0.20195316358302848,1.8995689041203159,-0.18105865160026294,0.0887541981575716,-0.049711832898435206,-0.19882113413856736,-0.12114692846600213,0.007308474876058404,-0.11963129332549603,0.06312351964514894,-0.02266061583686786,-0.12053536639101563,0.12530918258091792,0.0767090769442657,0.25271084755102696,-0.06291840841884466,0.057878445717610146,20,19.843333333333334,19.959259259259262,216,2.995732273553991
0.062352562569594004,0.07299188851768054,-0.15861018056728365,-0.07926348435802028,0.14357931802137752,-0.10718111697697642,-0.22702414082479144,-0.14020214319312096,-0.19983148422700786,0.09721493802705894,-0.10577661309136377,-0.4057644226843788,-0.03236365096551835,0.17570730853326674,-0.20390429738268723,0.05604607821003358,0.5230375491772858,-0.030691915450218623,0.3482929467426961,0.059909492119124004,0.1831876710964735,-0.2557711261740308,0.09113782769291524,0,19.883333333333333,20.0,217,0.0
0.08988823254017626,0.11614999915810724,0.3236384024935467,-0.07629455575737888,0.5136384424295054,-0.13516312418051646,0.3645687900324827,1.2141221360520553,-0.15729360800055103,0.13138290947972558,-0.03244669951132427,0.22564342973636597,-0.19131356284786646,0.13980937256995243,-0.18134320971687987,-0.005671278617482191,0.2979575954627933,-0.1797967740788073,0.18976924200804046,0.06943301993957947,0.02544370938340602,-0.047895745020171826,-0.2407299603416311,5,21.966666666666665,22.0,217,1.6094379124341003
-0.11400474318308876,-0.05567185098265924,-0.003805100065008459,-0.2267256641159967,-0.21058501691299686,-0.20007981541830097,0.26411975216477296,0.16920361409103613,-0.16562364606645522,0.1304051358119403,-0.06133768626241889,0.40598006988253604,-0.117077600874599,0.08708096012857405,-0.26874116557896055,0.07205053107310583,0.3510821430382089,-0.13446108094637532,-0.24412869622635594,0.03936266580540257,-0.13516252286358654,-0.181879068770632,0.35776388028724126,10,19.883333333333333,20.0,217,2.302585092994046
-0.07071103457290057,-0.0364991806953071,-0.44794058730767494,-0.1380208960838548,1.1654626404161663,-0.1075462606403138,0.004015425856441982,0.7945559044056933,-0.21965930364767197,0.10311206645344541,-0.021030645667028447,-0.036000110458026584,0.06670635990273867,0.06655916969692173,-0.1018401876597425,0.08239271906626269,0.1002451974693292,-0.12955465872039099,-0.0765613667347438,0.03214716627623864,0.16908147814103638,-0.23985186241624348,-0.19822634384492743,20,19.883333333333333,20.0,217,2.995732273553991
-0.1635988510043896,-0.0877343293861384,-0.7225042692567195,-0.45666941332990124,0.25207004819961115,-0.21494734354504114,-0.6552336033610191,0.2441843089179952,-0.22248535917271878,-0.04513530427945739,-0.05559976105133689,-0.19360729396083343,-0.17165818820331386,-0.005006193023800514,-0.158717547888129,-0.24998631321044046,-0.06958353091099341,-0.20284199390086236,0.21415919683830958,-0.0005434825502142626,-0.12124749521148197,-0.3018385630025117,-1.00184274991713,0,15.576666666666664,15.58148148148148,218,0.0
-0.3009040932592483,-0.16804022447169506,-1.2187662068965317,-0.33021696806024176,1.2189642772867622,-0.1257163627498629,-0.4644174235909764,-0.30736949596466717,0.00657364619506529,0.024052294454085344,-0.04652847624628896,-0.3551623076051065,-0.2503211007770938,-0.045960546404946845,-0.12209726252440244,-0.15279977429491537,-0.5511707444003929,-0.0459728955288636,-0.01889803054409886,-0.11115725771563231,-0.3769708113431115,-0.20791658260965562,-1.1931935130303448,5,14.196666666666667,14.23333333333333,218,1.6094379124341003
-0.27216960363163856,-0.16272822656508293,-0.5637602958634067,-0.3074327406986142,0.15406028614202352,-0.3500893612462804,-0.7448732987976096,0.8338183011283646,-0.27610664162818643,-0.0705100803387859,-0.13467134487449536,0.4343506741157005,-0.1334717379422375,-0.11296215535568607,-0.07912650891557202,-0.25125238719696436,0.15102923206128135,-0.12384802431495515,-0.013111032374514645,-0.08739942962984959,-0.3224206723213519,-0.1782118388143041,-0.4801479668817731,10,18.35,18.418518518518518,218,2.302585092994046
-0.16625714865087982,-0.048618685672187474,-0.7990460179421667,-0.41727551922965206,1.144261465100643,-0.17572769000773275,-0.9523447353859399,0.8822077613634598,-0.115367537859279,0.046774392890874525,-0.10145483691759415,-0.3180158485188676,-0.08931872674653657,0.02252577056533348,-0.09109562139905507,-0.23078597284599364,-0.5399150693726121,-0.10649182304976325,-0.11053670826040621,-0.09099935287668869,-0.4228518764562499,-0.2388165819125379,-1.4005940349477597,20,18.70333333333333,18.75925925925926,218,2.995732273553991
0.05352547301055084,0.08353944879941431,0.07377094790743517,-0.12093805520689747,1.1410964392830891,-0.29600894605866485,0.5203195106091862,0.987684810198174,0.13904283051777935,0.09682594068268227,-0.10369666806812051,0.11976311045585002,0.0982341413813821,0.07753179477864795,-0.35634454881965455,0.04475486014076003,0.8718109378136948,-0.21512014545177016,-0.23169951171946365,0.08783548553582324,-0.8635727329711127,-0.12060224347953716,-0.9465766254950754,0,15.829999999999998,15.92222222222222,219,0.0
-0.15680333818998587,-0.08954327774649036,-1.6232031071641042,0.09933701897460577,1.0819983812534317,0.3131201616234308,-2.0611863343877803,1.263267461961707,-0.16521849732032773,0.06274772259647864,-0.13116520104867185,0.4343674703174215,-0.06957710441996506,-0.02669580045789281,0.06146335905873609,0.05377461769682862,0.5565132156273873,-0.3223652930138717,0.08698262144831653,0.09942414836618951,-0.5819149483533527,-0.167851754109092,-2.053272078670444,5,19.866666666666667,19.985185185185188,219,1.6094379124341003
-0.22314419239635463,-0.1199019193086408,-0.3291128668208827,-0.32142049735238787,-0.018134476113955578,0.07536647117691855,-0.3281679350283593,0.3237811032132401,-0.3450203360267453,0.0607491383585526,-0.12876010348633213,-0.41175122484404386,0.05414714021271171,-0.008512039803077022,-0.18735061464638975,-0.00925731181366492,-1.1151186163435802,-0.13052207718749873,-0.6889372100903715,-0.0014642160867124796,-0.13907981802330582,-0.02714394648687998,-0.040899760685734865,10,11.95,12.0,219,2.302585092994046
-0.12179274433227136,-0.05426691636997457,0.03689582242338627,0.08261691415660169,0.15461188999973635,0.2559611154557932,-0.5438308085579266,0.0875315305648473,0.06715577063724068,0.08512812699280707,0.06478579795154474,-0.2471874912513534,0.03302865396837531,0.004623639820237991,0.2131380690236841,0.0109911315121337,0.39435351787969225,-0.2551166198890505,0.8850656414894262,-0.017705414992171497,-1.2226405436352317,-0.07272735800851086,-0.792687506034969,20,19.87333333333333,19.988888888888887,219,2.995732273553991
0.2735246888370244,0.2522772155646686,-0.3146652731728424,-0.27175721123900326,0.9027195740109217,-0.30531140937371404,-0.6586914217593532,0.9158896952055441,-0.14150648374014146,0.23806037700438565,0.028046604872673676,-0.6194520062749925,-0.20451044286615935,0.0454478069015037,-0.17430440640330444,0.0863645693249918,-0.012497079101503444,-0.2088445119899769,-0.37566273419271823,0.027385288953714674,-0.3157082653467816,-0.17184997565551402,-0.3788278910223924,0,23.75,23.803703703703704,220,0.0
0.046849673471208636,0.06873671828237528,-0.59796180196845,-0.17348239113877117,-1.382061124935405,-0.3319041750369661,-1.0368690821089726,0.22658824119424764,-0.13054992999924472,0.12906772487793974,-0.04995183643180504,0.03215497014410951,-0.2599256373872022,0.1815345331363039,-0.2754426101953254,0.32149374927623353,0.2687212745189375,-0.31230219691065103,-0.18142084048294316,-0.06071029245593661,-0.5441094634916125,-0.22694710420058628,-0.5265238998289424,5,15.956666666666667,15.970370370370372,220,1.6094379124341003
-0.016065435594502898,0.03084461795155049,-1.032664471343659,-0.10717540845602766,1.5600533700787074,-0.32077543184291674,-0.6263234173907603,0.6673844176258693,-0.012368028463681246,0.1726055670483937,0.10790107801052275,-0.3634669852941391,-0.15229407410456977,0.2210306581077245,-0.4443859037243638,0.1860257267632644,-0.11267443410876941,-0.26459009731156835,-0.5360197033902296,-0.09988128410694784,-0.8381083250899851,-0.1972657746740637,-0.1368130437120479,10,19.763333333333335,19.870370370370374,220,2.302585092994046
0.017985294360217976,0.03350335904666924,-0.48162954245452144,0.010264960231794882,0.10699864139936184,-0.20082711265571973,-0.13615745068886456,1.655302059347486,-0.06642964097094384,-0.06083157124345012,0.14214039665197054,-1.3929408660624025,-0.011596405783092097,0.1546553391344095,-0.2727271318348255,-0.06279910840017719,0.023906721177061233,-0.14981409134497775,-0.10651469178793152,-0.1683073831342905,-0.1533498293536214,-0.0785655194903219,-0.15227900024460284,20,18.6,18.696296296296296,220,2.995732273553991
-0.33709460492920185,-0.10838204942298282,-0.8231936469558374,-0.4913537121196005,0.761516067980705,-0.5671424183333829,-1.0632974632533732,0.3930225634169748,-0.37073165036289946,0.07533902061411504,-0.21294566211009683,-0.18450534581723646,-0.29807254801214356,-0.0041303362208729415,-0.4955952164978983,-0.32885746508650165,-0.0974120419630281,-0.469938678132186,0.15148761084012813,-0.08991784018926442,-0.15334375761670446,-0.441892833053902,-1.0321837562802676,0,20.86,20.992592592592594,221,0.0
-0.29292205104508884,-0.10819552349075427,-0.956525334918268,-0.5606102129049524,1.5563891729515509,-0.46935119400281966,-0.9717794285786022,1.5059222622429291,-0.5117864070576219,0.018105369604293323,-0.09787521465453818,-0.23078931506138645,-0.31400801239601434,0.13946964104506826,-0.4637846447095474,-0.33638717698615567,-0.2629268492947321,-0.5716078723061857,-0.1838464335987157,-0.12060220131327994,-0.5401032688216543,-0.40996496965499457,-0.9142797840823889,5,19.876666666666665,19.992592592592594,221,1.6094379124341003
-0.3135409809529709,-0.1017543307469165,-0.9256413002568694,-0.4662361606549404,0.752725682867266,-0.450040460875146,-1.0007551121595197,-0.03350444990220945,-0.5244241082607075,0.10456910007523232,-0.17733977552508268,-0.3756771920866472,-0.27247187242159704,0.07678703649163107,-0.3672034686962205,-0.23876295474790515,-0.26684962329968676,-0.44302232015817933,0.16578714383454157,-0.026293520629280105,-0.6046120818600697,-0.33911981273826736,-0.8963380866749493,10,18.89333333333333,18.992592592592594,221,2.302585092994046
-0.4012744672619807,-0.10737505740340403,-1.2176319604857577,-0.4279921128609155,1.8617024010478203,-0.5187506721242225,-1.1719699703509556,0.2941312968671499,-0.405587232738209,0.1397546711026401,-0.3133406361521598,-0.3932931757001111,-0.23075292597799038,0.10523472499361052,-0.34736781610674955,-0.2776109652643732,-0.7103925690180221,-0.4586837087189224,0.5490545777933997,-0.031282527167912355,-0.3596471582441524,-0.402385187919551,-1.2460390124027367,20,19.883333333333333,20.0,221,2.995732273553991
0.1419487225067918,0.1086099117600629,-0.6447876729670523,0.04527716434595931,0.0923783773533286,0.2842717863179197,-1.483598706522003,0.728598643418172,0.13422358938979068,0.07140047455232944,-0.06407357414208303,-0.2652206006385776,0.02765325967465474,0.0844229290848877,-0.025078966423529414,0.04063402593758537,-0.3046258302067224,-0.17035601230916084,0.08627635366526842,0.07192629622549798,-0.7254893416632339,0.02320380421699697,-0.4100060176122058,0,22.93333333333333,23.0,222,0.0
-0.06102943814642566,-0.040040024707488166,-0.5091020468162651,-0.28251011256948255,0.971696159064382,0.14506499667476586,-1.3928183777686218,2.2003564005119047,0.33080066931970603,-0.03224467194917584,-0.05725061694634134,-0.07867666416999719,0.1641657504119015,-0.007642274299918804,0.1450208167197738,-0.11623319613274749,-0.32120795018643555,0.02591497274411349,-1.3263803222601873,-0.07239940043788382,-0.3060720323283522,-0.12895459685825564,-0.5059653928012768,5,19.883333333333333,20.0,222,1.6094379124341003
0.13858766380473972,0.0991776251290712,-1.2500107327042076,0.0718578603063063,-0.320266214922269,0.12660289496643884,0.07938388503381888,0.4525800533654419,-0.03261966221745665,0.04076855098819797,0.027271710511316574,-0.4626562190369804,0.41711300890958886,0.1363699571117795,0.25115537754897366,-0.13194765943422862,-0.3719244065726515,-0.0906011588458877,0.7030383779772288,-0.07508133866243188,-0.416351602022353,-0.16654073694687066,0.40594799804485066,10,19.883333333333333,20.0,222,2.302585092994046
0.06553840717657158,0.07516989749350268,0.5759184229500868,-0.2032650042089415,0.6733783245794702,-0.21515295243348112,-0.6698168661529391,1.3233137414476015,0.14091384907842586,0.16765520247774432,0.12109844497517855,-0.4530449239475734,-0.15189385484414408,0.06382637120387515,-0.029622219023849188,0.0850802394579514,-1.3036003288460232,-0.2862215817571046,-0.027750965254512858,0.11573151118701376,-0.10126282144364707,0.08165892029812692,0.3754492283203847,20,19.883333333333333,20.0,222,2.995732273553991
0.12191777103671213,0.14784633546107526,-0.11470755010645854,-0.18939157146566607,1.0550099280785652,-0.14436487255639288,-0.05714342833136372,0.9455984869874525,-0.11973583977203976,0.07795625601502265,-0.0201163046945952,-0.031809733474762195,-0.08736812009470718,-0.01689302077775826,-0.04069084616286752,-0.015095754622355746,-0.26891137154345507,-0.09785963384568236,0.04351439685061748,0.1802183154790086,-0.38149875404881395,-0.23431839908455124,-0.36962468355899253,0,22.93333333333333,23.0,223,0.0
0.35123852757650975,0.2892388992539056,-0.2272531461451698,-0.3860767269425081,1.1268529083011463,-0.24143652750709887,-0.05573790611544568,0.9286017756345768,-0.2110616083680762,0.11148567238987875,-0.0253174810455728,-0.27469529612985366,-0.1129872038122001,0.04192463824891851,-0.020746362232320337,0.005439668017414928,-0.19620982081877233,-0.04009301989057647,0.11504363772067289,0.09189868658144977,-0.025380696515021877,-0.2640490214223772,0.09599491098213646,5,21.93333333333333,22.0,223,1.6094379124341003
0.25537803926275965,0.25395953964289447,-0.34192464330198635,-0.2378137483265331,0.656429767134691,-0.2193085807014974,-0.40632204583273557,0.36955036606340186,-0.16034053281190055,0.21097860146150654,-0.0008254833809475339,-0.10179596253983832,-0.18500128571757268,-0.02474352608513428,-0.20264466313331705,-0.11321015729101289,-0.27747177747235013,-0.11438008281360319,-0.02179678157477925,0.1936324267469504,-0.24624408180051488,-0.32023494506481726,-0.3192088576488616,10,19.883333333333333,20.0,223,2.302585092994046
0.12021799110674367,0.11742516659776363,0.23865656689515669,-0.13738030119699524,0.9531895332053787,-0.15765939601548987,0.09993331370047166,1.013182871382354,-0.09732802241740361,0.04765805030729458,-0.08046363922832739,-0.07660517934244027,-0.01509894088628687,0.008495178214472893,0.05998606073468787,0.04934307234728183,-0.13716136346885038,-0.020886405763702605,0.2362042085547568,0.1982825080298672,-0.0590449738820792,-0.16923677287838576,0.06094968080557088,20,17.883333333333333,18.0,223,2.995732273553991
0.12828866434998407,0.12291552718981667,-0.7919840175839021,-0.16527483543280397,0.789346575758286,-0.25872031300830567,0.41707120566673966,0.3193715784561818,0.04355495727187783,0.14698943955647825,0.03229445714728887,-0.591246763559723,-0.0013512146708312476,0.039959794186845525,-0.13980595392617007,0.08281021140612953,0.2378982626481004,-0.17237789836037945,0.4582197935750654,0.01173463895716748,-0.3810707269512174,-0.19654112436866197,-2.9668966432476744,0,17.619999999999997,17.696296296296296,224,0.0
0.20378272904420283,0.2367318939676241,-0.5941700659577255,-0.05917937148551826,1.815996504281763,-0.25112790541446833,-0.4456077006212625,0.04071848645194034,0.09913060105934585,-0.01700967920754837,-0.022728484897785974,-0.49616393038531614,-0.21423435693416815,-0.09791066923906222,-0.28437699712445824,-0.1854470474205321,-0.10684317977965059,-0.1478380934578615,-0.13161317939384762,0.02704416044602445,-1.0135344803880617,-0.268646876742025,-0.5793505487332345,5,15.8,15.837037037037037,224,1.6094379124341003
0.21323741277123232,0.17496767413113398,-1.2868837347360218,-0.14653850528622975,1.345527713109979,-0.17554126029785475,-0.9000153599017301,1.3374588309277304,0.25012200053389944,-0.02005853155852001,-0.0806803305841918,-0.542464937167217,-0.28093648971681007,-0.041160038609442486,-0.17193985322322416,-0.009157351234969162,0.09743719701839605,-0.253080616301231,-0.07274325253470475,-0.1140107992564672,-0.5657406517739502,-0.16983548823588634,1.0630654347485773,10,16.903333333333332,16.92962962962963,224,2.302585092994046
0.18739005087930202,0.1829205036590066,-0.36492373091521824,-0.17969285399319343,1.2673753948434627,-0.2593160114711227,0.09403907968471525,2.044234456757973,0.320071087596936,-0.010104584387397524,-0.03951221603668862,-0.05102554959713209,-0.33610737736214863,-0.09486504078941232,0.06490592398423096,-0.05106248642497631,0.2926455573313923,-0.3608586208970471,-0.31105909765732515,-0.01773027346283633,0.6889057259619499,-0.20757225505920493,-1.6855578063741359,20,18.779999999999998,18.874074074074073,224,2.995732273553991
0.17938691937293297,0.13612930676061005,-0.03378439180205577,-0.28049087584864074,-0.12757297685527902,-0.18679195033682983,-0.2068199148350363,-0.9044640007761164,-0.10301147448766833,0.17688738406019336,-0.16015176488247412,-0.05547572610879063,-0.007181098556684292,0.055476387494408363,-0.1399168135131624,-0.23848482242029098,0.025318600257288906,-0.1542207890236421,0.09276752227054949,0.05936338422182727,0.26001942652675103,-0.13356137886961292,-0.01729610369675805,0,21.93333333333333,22.0,225,0.0
0.20420018047812077,0.1587291438222431,-0.09655222209651644,-0.2406442028906877,0.44717298202202393,-0.11555334731177393,-0.16863833396326575,0.934414389562257,-0.197128089191222,0.18401865368592404,0.06872809079662481,0.13108041301265855,-0.06044729560744969,0.06155779119851293,-0.04812140256639672,-0.15527456770112177,-0.17432616508445944,-0.21172528423621942,0.15599164889487108,0.06980304373350564,-0.030257195368734648,-0.15092384201352396,0.1935769216035982,5,19.883333333333333,20.0,225,1.6094379124341003
0.1711981462898983,0.15252113367155465,-0.26853986944801517,-0.18633600370149048,0.3113261782042654,-0.18519079273456793,-0.12169324941638787,0.969614374989363,-0.1016792380916838,0.0050181494111916185,-0.03679854172490675,-0.15882735062638142,-0.11644242993077666,0.029496417803951274,-0.08319962526071704,-0.2918897952798291,-0.111267967374022,-0.12040550940689697,-0.09147684713919017,-0.08247565211668025,0.0919054455963771,-0.17399306573814402,-0.2959519308526501,10,19.883333333333333,20.0,225,2.302585092994046
0.13846983503292273,0.11294808857936885,0.2965149781027175,-0.2197506630659677,1.0281123824581382,-0.13253425255004145,-0.36912511341407456,-0.18890880566730964,-0.08613146341474566,0.022141632283971785,-0.07707106579512217,0.041927182944939384,-0.09365061599064989,0.03560748476467338,-0.05197697681278344,-0.16533093744587518,0.1938117461343764,-0.15905980300823058,-0.041526044046083566,-0.03561746061694058,-0.009617654750745205,-0.19886966987740354,0.01569830329396847,20,19.883333333333333,20.0,225,2.995732273553991
0.03282663232801493,0.07157410998819758,-0.48006457681384146,-0.08805009987474913,1.1120747837071463,-0.16497086643113767,-0.6526771804180166,0.9222232494691426,-0.18417198685234637,0.1792523765073881,0.08390743878330786,0.20941061616966178,-0.04830689581505712,0.14359684058252797,-0.1981187907298055,0.31301478113201747,0.04572702617254336,-0.26820980804838745,-0.061021721668843516,0.16745656127314118,-0.12771784897692215,-0.23936198101635114,-0.5507849497986573,0,18.806666666666665,18.903703703703705,226,0.0
0.05636417468548551,0.09839530809891751,-0.7152133586414401,-0.11819838114458499,0.9564871029277977,-0.15369406644639783,-0.6470990552917706,1.4255104734039807,-0.10959226330055902,0.10503648570711557,0.122790448005643,0.1425351587974226,-0.05965483170963221,0.09001577910416131,-0.09621489073385284,0.0632607169888235,-0.14850656257788827,-0.1245479584386074,-0.03344970694213249,-0.04609523488622848,-0.16670026859897427,-0.21877908799276263,-0.5002157777484135,5,19.876666666666665,19.992592592592594,226,1.6094379124341003
0.14907625345860478,0.15101265184064006,-0.5096108528236848,-0.07247481492862297,0.8704655380182275,-0.04746860314410066,-0.10367443163381557,0.9095254569509188,-0.13888384060897416,-0.007191051532989838,-0.010732528097073793,-0.053223196673535915,-0.041474621498877845,0.12053344704194598,-0.014899633585222808,0.04986801363201651,-0.27245294370835305,-0.09856101721663235,-0.08206710884860254,-0.017438121005186782,0.060692433917902806,-0.1749943337178274,-0.44070064628496425,10,19.880000000000003,19.9962962962963,226,2.302585092994046
0.017808240952953674,0.045079322475424045,-0.6587259905062638,0.0003102377773816932,0.952684742148148,0.016605109255326513,-0.6250285232214324,0.3136511027179888,-0.06082523895096874,0.036251795360849035,-0.05053921221677344,-0.3611178608442628,-0.08715108056988723,0.052680754018564674,-0.0522136168385656,0.03619947211385111,0.10854599558937936,-0.05477304476570367,-0.034262399558782804,0.010757273375964046,0.0027881413450175723,-0.1455133512542248,-0.6067695174313851,20,19.883333333333333,20.0,226,2.995732273553991
0.24309676728081883,0.2004329487930663,-0.3178011468183618,-0.18815705568020308,0.20146085896344057,-0.21834772512720219,-0.1651255243335345,0.960880156340037,-0.23914735932461223,0.18981027931692251,0.042709214384024884,0.10853400983538837,-0.1842536066745631,0.17480214887537615,-0.11663682784518314,-0.08087971326269432,-0.13366948699291492,-0.27066298801897926,-0.23955478503302793,0.1519269021999909,-0.21468353143756072,-0.4028119919411522,0.19106298807655706,0,16.96666666666667,17.0,227,0.0
0.1543902558603312,0.1447848903726535,0.002760179198094533,-0.09365860268523492,1.0658390297905174,-0.1274944440436435,-0.47534763019067744,0.08258967437740168,-0.2615826591798572,0.18035188996099422,0.1054439584916987,0.6684623844502543,-0.18788971082138928,0.13937603814474586,-0.15197425847303409,-0.03462899385704947,-0.03223115672931442,-0.1483208263959615,-0.16768296074472303,0.10903868099880275,-0.3320604572848225,-0.29096084533750743,-0.37290055536738975,5,19.883333333333333,20.0,227,1.6094379124341003
0.15702983994883318,0.11433158716298095,0.3446121036311758,-0.26414741785550105,1.1045372984072206,-0.20432922325478936,-0.03023345041631491,0.9687359696291251,-0.142145360948849,0.08238959093598987,0.08120789342415577,0.17318914907085392,-0.04029926052706752,0.1346228104385413,-0.05570725492017824,-0.028311980908096224,0.4620411615119479,-0.24520379642049048,0.14295720275812476,0.10165926271294558,0.16392490870580165,-0.3507711164864445,-0.5222713572140442,10,19.883333333333333,20.0,227,2.302585092994046
0.19138939832440777,0.16785609067008858,-0.7254329486704829,-0.2384133205447582,0.8853774844168506,-0.3558213709718729,0.10461035932719834,1.4204060154698182,-0.14734805759349595,0.12666133534762633,0.059005506267106295,0.3304855049911368,-0.20373913615048644,0.06585651722435794,-0.051787848608980606,-0.031081003839466208,-0.13662027434159804,-0.16481216337980692,0.03958259653163474,0.1145902548760317,-0.4173313686254371,-0.3306801159049822,-0.6366927916388815,20,17.933333333333334,18.0,227,2.995732273553991
0.2299200482266465,0.19625806226723932,-0.22449397274937952,-0.28282896967840937,0.7381347836234926,-0.18237054157896568,-0.13425885273094726,1.9717416253503726,-0.2799221500314705,0.2012042349071653,0.0304467792934998,0.13786534988443325,0.000602557148574777,0.02285548239057433,0.04213915852480144,-0.1606651989131149,-0.15535359500711596,-0.034823943421282096,0.03555888116939414,-0.01195697034624162,-0.17044403241629877,-0.12068531745705564,-0.25680758647875734,0,18.883333333333333,19.0,228,0.0
0.13769561816065767,0.11332610440661596,-0.31941072727976866,-0.12417840172500212,0.508146740232157,-0.1544307679584112,-0.2333913248125253,1.3036639082012338,-0.09566221633903159,0.22726794885080753,-0.12164656371109131,0.16684877994177957,-0.07178687780421289,0.0050114478334738555,0.004495715374704544,-0.018915770436689974,-0.09449852235345484,-0.07155762923973902,0.08139826639018408,0.10522728706557502,-0.25266438307248384,-0.07122018280292822,-0.1952855838847366,5,19.866666666666667,19.985185185185188,228,1.6094379124341003
0.24587124581603723,0.21555333230523918,-0.022285962963350548,-0.13548948964849883,-0.22740322597714988,-0.12208038662037501,0.09920037399186475,1.0071366519789378,-0.15755183012015556,0.08659084848815961,0.015886518858166485,-0.14814951660103484,-0.09548232653026066,-0.041383795839654396,-0.04899585264942314,-0.14224052707012924,-0.584291116305246,-0.03182455260000939,0.16563972724459258,0.04782920344103995,-0.21337035561539752,-0.09152278879773859,-0.01748630754046659,10,20.866666666666667,21.0,228,2.302585092994046
0.2247169559762679,0.18780330230197878,-0.38732963732098147,-0.11918662461859462,2.8633037982474328,-0.052064788502414173,-0.17384523878190325,1.217044225036628,-0.1427120667281524,0.09024481476021724,-0.07423911916664654,-0.010589396221872554,0.05364791638770761,-0.016370191207810462,0.01963548061979825,-0.15238566050629743,-0.16958562799656174,-0.07325688517480297,0.16120579970948373,-0.043887817425649,-0.13050530078440314,-0.033588147981786505,-0.19066945934708443,20,19.883333333333333,20.0,228,2.995732273553991
0.2906963616888091,0.23673042141573722,0.10966428793476624,0.34844767416928724,-0.050796540079765945,-0.3340204664634011,4.173126172008489,0.4335845624994532,0.08400827448295867,0.33660881914268664,0.4187461634559146,0.1350370589671379,-0.040571469449711364,0.1221576476970781,-0.2535410667101781,0.3779970833409548,1.3896339713539871,-0.24216713310297724,0.6392531051236624,0.1941738374389267,0.11173591568386707,-0.0024309184307850476,-0.4612088549268543,0,20.866666666666667,21.0,229,0.0
0.07704627694068956,0.056144230569487995,,,-0.5411270092493857,-0.1608212170739975,-0.14384511871637073,0.7771072751809629,0.21899029826877553,-0.002196053043466475,0.048525505103473844,0.573409464796276,0.15926514170990963,0.1295134325961621,-0.18236841533371684,0.18877340350445057,-1.3631442325191974,-0.26946843318615943,0.766351237457255,0.12132353677485419,-0.9317060037953719,-0.024796384313695442,0.6117372569566819,5,16.96666666666667,17.0,229,1.6094379124341003
-0.015860811759519214,0.008961711696200506,1.182272006384583,-0.10213943675358945,-1.1355131178888174,0.04219098282795153,0.9245192362961823,0.031097968448807755,-0.11950553483678865,-0.03630550843230678,-0.0930304008822687,0.9811153380309462,0.050126538422249255,-0.012978079261156975,0.06663639719143688,0.04129082037439453,-1.0599562701091816,-0.17106120004976955,0.5370047998840716,0.16541903291089155,-0.5372478959395062,-0.34797936333452006,0.5117752558363813,10,20.866666666666667,21.0,229,2.302585092994046
0.10683576667587241,0.09833749252951357,-1.93858493803166,0.041097491916266105,-0.0016955546776070815,-0.014853522799044346,-1.004670051189341,0.6780644888449618,0.013878782620701274,0.1452834369334148,0.1016779258528801,0.15253031388005966,-0.18057701892059919,0.07791167962655064,-0.12673858385700953,0.24945293703919236,0.6061223066893775,-0.04407914947171368,0.811714251960939,0.19255572576891658,-0.12232470635329218,0.11771437699530059,-0.8470389769811689,20,22.93333333333333,23.0,229,2.995732273553991
0.3183038737951491,0.23588161474560246,0.3896897442852441,-0.26097422271902015,0.4189139563651829,-0.24949840924466296,0.27096206362523667,1.2040888182111782,-0.12951554986674735,0.03742535242101836,-0.008445764311080595,-0.028653553065730263,-0.13601638059374363,0.13394462982461983,-0.23205860990635205,0.03125574842518887,-0.6280416997615368,-0.3024945083736246,-0.13572338971082862,0.07381318363365745,-0.49302467598810346,-0.12750099939964682,0.11737343807747141,0,21.9,22.0,230,0.0
0.17287247032920844,0.13906838333082416,-0.29612451943244755,-0.34455139669456036,0.4392021166060087,-0.0039058700408326485,-0.9554151954777454,1.5402972644867914,-0.11424073366741487,0.07231964732478789,-0.25372580638431325,0.04763751088426718,0.02491890893421828,-0.10884955209219686,-0.09362438959982132,-0.1360616940268924,-0.3194791756131301,-0.15821306212396025,-0.7544210712796718,-0.008482184175306988,1.362163613104582,-0.25048229832764995,-0.2797874100611649,5,20.866666666666667,21.0,230,1.6094379124341003
0.2246768751602934,0.18836206821753654,0.5324288726045443,-0.13839035034744476,0.2225941379627182,-0.11278763208319882,0.3299505070203284,0.746377345865418,-0.14195449381914219,0.28689078746396907,-0.11617145283933206,-0.21153589041171567,-0.027015906320796514,0.02300518257371724,0.10269764065136833,0.014657609055700837,0.714211146018082,-0.07983598191056238,-0.4956654391701539,0.059694668652032074,0.7916672917319514,0.4948389495137655,0.564264552610308,10,17.933333333333334,18.0,230,2.302585092994046
0.41886147875726615,0.3276756693703807,-0.8268661856892954,-0.24712019788713094,0.8204153991707749,-0.35136813913853987,-0.296199370347471,1.2479193192363187,-0.2888550677814058,0.2659378037249756,-0.06786707431311999,0.17257297107886177,-0.1690798124248494,-0.0024324409405173833,-0.11234613772062159,-0.24261032292807277,0.34012550832283184,-0.21094181615693866,-0.5408028519845276,-0.037605232909329635,-0.47451778559367,-0.11769164492212068,-1.3423026701997969,20,19.883333333333333,20.0,230,2.995732273553991
0.06720388856394893,0.09476199979024429,,,0.8030522343108595,-0.21093614709320418,,0.611348661237513,,0.11045202422981325,-0.03988707404483691,-1.4563648464086247,0.5233903325186771,0.024804751833121832,,0.00970596471993394,,,-1.409559100334049,0.0665839637255853,0.9086446424006107,0.28917663728103177,,0,11.933333333333334,12.0,232,0.0
-0.0013467070820929832,0.025352548042236897,1.095441658027184,-0.1522506384904777,0.4519981447932824,0.2266044123293227,,0.37004255159691285,0.03639318221739263,0.025685779577217308,-0.054790070092400264,,,-0.025812935863624608,-0.5087343307739207,-0.07333286871751683,3.491010911370225,-0.17829224738963645,-0.1512635698393865,-0.10585922280265368,-0.23167448382772507,0.0578195245800359,1.161266334617644,5,19.883333333333333,20.0,232,1.6094379124341003
0.14294733428298972,0.12897415025239428,4.568624189158833,-0.24454329713310108,0.14757714229352484,-0.738420169065958,,0.44750910509868225,-0.06220931329424645,0.08945664375264814,-0.014626854121083832,,,0.026644773287204195,0.36462634477167755,-0.01796823914525161,0.3007857367184279,-0.19110779696031632,-0.7594039594302586,0.005726284845063351,-1.5313334933765002,-0.07164062078138,1.503323526655179,10,17.96666666666667,18.0,232,2.302585092994046
0.060984829428536294,0.09625756187239212,,,0.6790560729705916,-0.36146629741310377,,0.8420839416269869,,0.10469785292275774,-0.1751421986234311,,,-0.07808383583259504,,0.0890613475046221,1.1968695168199623,-0.028423882395592792,2.0452254724238412,-0.07218614564496793,-3.083487545115444,-0.16326549798633727,,20,19.883333333333333,20.0,232,2.995732273553991
0.14519406768035553,0.0997110244946164,-0.09897528168411204,-0.12339161736432754,0.8485208423587519,-0.08208491284730975,-0.8942866752775106,0.3164822648210135,-0.13457567482620522,0.1012680854780193,0.037252444687920425,-0.4971841221930459,-0.1422021467239012,0.17809093744769924,-0.1718611894272839,0.138117069867564,0.6959997776521434,-0.002830416343560424,-0.3989201961416321,0.10236537411110602,-0.9013182879927182,-0.17810875696538608,-0.5395628481174357,0,20.866666666666667,21.0,233,0.0
0.18661397695245946,0.18470420030069346,-1.0489154084245509,-0.1054518302444183,1.0021661787992666,0.02111923444620089,0.03421751137875782,1.4746555255002802,-0.16021592978810179,0.033933457483342325,0.017501845174495177,0.07240754200535837,-0.0505108369241059,0.08831073518556129,-0.24311431716717444,0.09668608887552568,-0.7646584919950848,-0.1702739789491642,-0.4308085013808705,0.01120994011544501,-0.6275764889776456,-0.17822015359589027,0.04777856373751321,5,19.883333333333333,20.0,233,1.6094379124341003
-0.0611285089169407,-0.030737732514313425,-0.15558165935783902,-0.11493033695737867,-0.17286564295234136,-0.1752041443688006,-0.6180741391249842,-0.2138039824322682,-0.15047306660665868,-0.003736662577004616,-0.09560672835176397,0.523128653558253,-0.08846625476187689,0.005569083569830829,-0.2591863774900365,0.18374985578300607,0.4795357560491598,-0.15738323493366338,-0.4516931347164264,-0.03509624194454874,-0.5255503639987317,-0.1578779460357217,-0.4251073998938281,10,20.866666666666667,21.0,233,2.302585092994046
0.025700079430222435,0.04539500346266127,-0.7326821312134555,-0.18934042656052721,0.9046505131507223,-0.05291613974666906,-0.33303427421649506,0.6340307392976283,-0.1382709220008938,0.09265361108291362,0.04560163273167317,-0.12504563249333595,-0.10073774591646793,0.012182729531530243,-0.32910440070058483,0.02940478103727443,-0.15605712675117123,-0.04736908358979575,-0.5207433434609475,0.06356060199175113,-0.22249153188289042,-0.16178379931082665,-0.3227129149790137,20,20.949999999999996,21.0,233,2.995732273553991
0.058576233648770744,0.07364128735592314,0.8440837756336678,-0.13249782371114344,0.20518566791596876,0.08512638875220539,-0.0973942017948407,0.33593288406433963,-0.09966416164579307,0.05114679631171195,-0.042738930185273354,-0.3599337248444048,0.03416083745185661,0.03610847259182129,-0.059598208338917415,-0.10426494726706617,0.029417031847182046,0.007274292465779495,0.23488902793110944,0.03668331608222527,-0.5186152981111776,-0.08859127654256736,-0.2211288573588093,0,12.983333333333334,13.0,234,0.0
0.007697590527937796,0.026274774170430254,0.1190832988923329,-0.0026105162701114118,-0.5569973385203227,0.06399138261019376,-0.2805542504828405,-0.35667025885255926,0.01730044640964584,-0.006356311967950083,0.14155160001970438,-0.4803191367208094,0.081393437047574,0.07687134008456886,0.027493467537125227,-0.049116283639017946,-0.21055044665183204,-0.05379483064035774,-0.10530832790064808,-0.01054867071284054,-1.6844230276649916,0.0621759148614,0.24022780594582085,5,21.883333333333333,22.0,234,1.6094379124341003
0.023954988869905405,0.031292827468164426,0.12381177423528228,0.049842872691444724,0.7266351067550106,-0.014589011802323863,0.027169927288722955,1.3903616901316043,0.05200788003459644,-0.028698022837357413,-0.019158641299248963,0.3755861882557462,-0.11462113854847356,-0.006952472271662927,-0.17417330021591787,-0.022408460180145716,-0.5001936413156692,0.0009272264922380783,-0.49437014756869035,-0.06598319188789811,-0.43724172851228893,0.029319574095922507,-0.18841045659487887,10,15.916666666666666,16.0,234,2.302585092994046
0.06612399024674319,0.08693728436855049,-0.43755267525214553,-0.1030386157397828,0.14595623234921395,0.06936609572857871,-0.25273516873631363,0.7895613304253439,0.22355569287831273,0.08714383936100936,-0.22125672286127487,-0.7208607529089597,-0.03905929205453836,0.07890774594852372,0.043037326256019616,-0.024861590367468045,0.18469290848605172,-0.1674609853988919,0.0766276836390326,-0.037217072363213664,-0.7746420564684671,-0.05016474693047355,0.2426005102221368,20,11.983333333333334,12.0,234,2.995732273553991
-0.0062122702883010235,0.011167833414969963,-2.1637867857105095,0.22739578726372803,-0.09774227885584678,-0.12606403523851206,2.7243004743599855,0.3261338823649234,0.16185162916868367,-0.06194537570086436,0.05053604790963163,1.0625003126327286,0.5535868060183048,-0.07641701721618036,-0.05442997331123008,-0.1010180358870497,2.5600927299716685,-0.162678150268092,,0.007446563813718421,1.6879624240416469,-0.052073216339272976,1.2744098442587408,0,29.833333333333332,30.0,235,0.0
-0.07154021021130802,-0.06754349207869528,-0.019679494438178402,0.13068403838956727,0.09976952467090876,0.32585045569607435,-3.055729720312536,-1.5988956110911547,,0.027464787016040906,-0.09739620513082789,-1.9659637569077155,0.03127049093092571,-0.0840946820258929,0.1273694335485807,-0.14292796399991492,0.4959266998299962,-0.17604350246699554,-0.2399544021399933,-0.0051983888543026945,0.33793811627359593,0.2972839333487117,1.63145712947841,5,19.883333333333333,20.0,235,1.6094379124341003
-0.06004388079755045,-0.07562952289456593,1.634746824874675,-0.09650991286178301,-0.32805397629583916,-0.06776225201671174,-0.0756831841028962,1.4214812224240003,-0.462243659268902,0.0010605926380288769,-0.044414967345964104,0.32225047845207566,0.05849541944660837,0.05427631134366852,0.14814035314031493,0.008928841874953441,-1.8667532816400427,0.0008122160793720967,-2.1655461242527068,0.03344320494697715,-0.26508082094893837,-0.2826684425729835,1.322689780949139,10,19.883333333333333,20.0,235,2.302585092994046
0.04797525544174765,0.048897319757337535,0.015517758369920642,0.33045032683398695,0.7651826989791506,,1.4026496882909587,0.6342203582423466,0.5975380221578351,-0.08527763454181404,-0.11415554200920273,-1.2603074603163815,0.23580275430099318,-0.02866236492255575,-0.2787367578882619,-0.14347671726032873,-1.9142248005515885,-0.35327598254084414,,-0.018707740064536526,0.573473181099418,0.356027791417499,2.1253033287284535,20,18.95,19.0,235,2.995732273553991
-0.06436858708107643,-0.07264683204341857,-0.6008297097966965,-0.3066265078881116,1.5509699572684696,0.04103439236951856,-0.5207802629820268,1.0387412933408438,-0.09621952285798979,0.050317490973385476,-0.04793548487415039,0.114071968574814,0.008485812747146637,0.030476765014655547,-0.17674259425109368,0.09572988068467833,-0.08852333608035239,0.04955919272853872,0.055001529669105875,0.07530486960289552,0.07752474996772252,-0.07954050027024342,-0.28294634596785995,0,18.816666666666663,18.91111111111111,236,0.0
-0.13710353235528752,-0.10887022675459557,0.13082626072738224,-0.2743818503535825,0.9640789884733226,-0.09229524763188234,-0.4831032398686836,0.16449768386241728,-0.1756766476214773,0.03062657921035485,-0.03726184642501229,-0.2658843712296782,-0.047943508014636864,0.1038357722675652,-0.19826324766792108,-0.028311410325669126,-0.1275277552478842,-0.04131600537251659,-0.1834005165849459,0.011010373810469352,-0.17292354317024888,-0.1414621185206349,-0.7306681218583174,5,18.85333333333333,18.951851851851853,236,1.6094379124341003
-0.15746031925731016,-0.12080494352541815,-0.08939622472059404,0.03425512903611562,0.16956025771444216,-0.15680730017222527,-0.6002285207723472,-0.003056756960754091,-0.17899054170097928,-0.03245210615981345,0.0348844733025887,-0.21665660181847418,-0.1805638099576343,-0.012527040797609546,0.01288161293612136,0.08215392004703669,0.16060804728134925,0.008849716454595603,0.22453135295670185,-0.015592722908174305,-0.002203646823546093,-0.09605833649780207,-0.4265972771080461,10,19.843333333333334,19.95925925925926,236,2.302585092994046
-0.13961510690000573,-0.12259024632969613,-0.6312628711801551,-0.08153828355749401,1.1899829606780084,-0.04962599188113343,0.3757968043958577,1.3158808238559137,0.06901944156786013,0.020707214750108116,-0.08495252632457011,-0.2512010998842934,-0.20598803929010015,0.0004969886397478743,-0.08772452486808992,0.1418374182543759,-0.360713681059537,-0.14191570115835433,-0.11788913748217368,0.007550201603217896,-0.14375149387768432,-0.13308387843047545,-0.635734882661375,20,17.873333333333335,17.951851851851853,236,2.995732273553991
0.07031885501845224,0.0612352143476737,-1.0870410302598186,0.10216675745296787,1.0349832274968926,0.1241212960381381,-0.669106459279349,1.1207663741650868,0.006401096603520166,0.005879214772257902,0.08575180810611588,1.1590799932352607,-0.20881175933095278,0.06989460353039538,0.028552129507840234,-0.12865234546593365,-0.6841246355745005,-0.03606791674074131,-0.37389889420537686,0.011122499062250494,-1.0551114878113643,0.03863394443070941,-1.0653896227270194,0,17.9,18.0,237,0.0
0.1818546294852429,0.12794815874566023,-1.5319601289885953,0.12740027934520082,2.4416154936384795,-0.09647806700262644,-0.8966640319549068,1.2738742798292757,0.0067849244051336206,-0.027277707271299075,0.052684461625854224,0.24830797705555765,-0.02992688004543323,0.02919688741403172,0.09795192118757674,-0.1325883269095205,-0.1984520698858753,-0.18203059451626327,-0.4892921431665646,-0.04541109139168732,-0.4792394155514132,-0.16433339749255976,-1.1741216056481232,5,17.933333333333334,18.0,237,1.6094379124341003
0.15862729423358818,0.08277872523039305,-1.3372903212812952,0.03888529000305075,2.0937108355518768,0.02217394741462447,-0.6057535568622261,-0.15152638415569528,0.03451432207483102,0.03324662860722057,0.10287543131556545,0.48825897369811655,-0.07993632696204117,0.049903921705453505,0.07192802974351191,-0.10874436327145909,-0.347072160420469,-0.18719924477448155,-0.24571409819905785,0.07893508354930406,-0.6174974613944344,-0.004542734125955332,-0.503266116330651,10,19.883333333333333,20.0,237,2.302585092994046
0.2682621715469822,0.2488761818472924,-1.0937617127805583,-0.13696412024731788,1.695206343557432,-0.023849438917620848,-0.7372741146357273,0.405420446089734,-0.023447457163964514,0.006899540130042472,0.004512637161667722,-1.4235364059189082,-0.05679979596645044,-0.01404310145283402,-0.19200603175918587,0.031083421355503415,0.08941804845019119,0.12300430623937264,-0.5361954684530214,0.09749941373174532,0.12662631269643845,-0.11690039065179272,-1.2213324256791895,20,19.949999999999996,20.0,237,2.995732273553991
-0.22173864922844155,-0.0824784208764685,-0.056485621467233994,-0.22383890886410562,0.7650479611055164,-0.2398335065245762,-0.03786853927906381,-0.8017913225821173,-0.3135463348713414,0.046927647491878915,-0.1555827543052636,-0.02903711001148392,-0.1949191378246877,-0.25267673179872935,-0.14265990022657687,-0.40891694879157614,-0.28585065040507057,-0.036845559372434014,-0.23776177451285996,-0.12511028989680512,-0.3429726583782762,-0.24313586206246163,-0.15262686315989032,0,20.866666666666667,21.0,238,0.0
-0.12254912435286333,-0.06450947317993415,-0.24360152310819527,-0.2180172181971397,-0.10512167984111136,-0.19562630327029132,-0.3345718180418592,-0.42422647671145924,-0.3087218069198328,0.029315095519067778,-0.13195092924399093,0.11107199422761933,0.057277434986635345,-0.19446276580007418,-0.2622437203375089,-0.261577510660547,-0.3298594252790099,-0.14578268332040328,-0.47743497581041344,-0.00851484542511162,-0.7309394127812355,-0.1023732509687612,-0.5146157583039396,5,22.93,22.9962962962963,238,1.6094379124341003
-0.16465412019700656,-0.09688991717347564,-0.1883232791840361,-0.14490355731925902,0.9155136087175553,-0.11369449231239999,-0.3113058162607884,1.1386004093410202,-0.18506422062407224,-0.053678332101146496,-0.27249130521437637,0.147097492703973,-0.07359787242910003,-0.1458069219517028,-0.0728782078962517,-0.2077931739366776,-0.13000546538043892,-0.1472410009500506,-0.38336376278628714,-0.13476847674602946,-0.5155329869094584,-0.2046253568161652,-0.23700182155351943,10,19.869999999999997,19.985185185185188,238,2.302585092994046
-0.06048321775053912,0.021291822375707512,0.024235258297901966,-0.28595305641034313,0.38148327690542105,-0.2621657026539255,-0.38656406044941094,0.5268278572892978,-0.23416748441938848,-0.0815643381490678,0.0613124019517534,0.6064309937328254,-0.2123713287809034,-0.09597752737932538,-0.10805219245747599,-0.24807321129330512,0.002723530066794384,-0.11547096112976392,-0.13124371896229234,-0.22633071133607086,-0.2933517745281454,-0.431985258750842,-0.14273775013194429,20,19.869999999999997,19.988888888888887,238,2.995732273553991
0.19232127328186444,0.21178084828602287,-0.18193867990708096,-0.10363048853445325,0.15619064986372463,-0.02394079933722728,-1.0587519083440147,0.6010150963483221,-0.10849779668008455,0.1466172104804831,-0.06313132824459738,-0.6722285232640977,0.16123653778977937,0.04974033313613394,-0.1964291898595314,-0.010332736413341932,0.0680226409847525,-0.01133904935152411,0.5223572986233018,0.1469540112152612,-2.0079414587857807,-0.6134087022767098,-0.006835641444579961,0,18.83,18.9,239,0.0
0.0019017198389502435,0.050650583421902026,-0.03860890463892754,-0.22469300319704802,0.24044161592328936,-0.4211918584092202,0.2698388165497073,1.4216927996335658,0.06022038267817513,0.0889816832634994,0.04093183653499815,0.19850443461208897,-0.0032912299755481727,-0.09947928027506046,-0.21927291744028654,-0.17866839382895638,-0.7423929517015513,-0.014356733129493371,0.12778651523236925,0.02859976956078783,0.5662145896878138,-0.1835980188802536,-0.49266618320647376,5,20.85333333333333,20.903703703703705,239,1.6094379124341003
-0.01809589044190229,0.010941003941603794,0.37640627014831707,-0.07190564732359567,0.29755301083178576,-0.04650510342897231,-0.831269708965236,1.3429839206103023,-0.610436961584103,0.039984852799573464,0.03565497833629431,0.3311337210068044,-0.17214570490577435,-0.0830731011886562,-0.12712743607870744,-0.026460253811722633,-0.2789341719503365,0.1655205097365955,-0.5674517479636081,0.02350523231678195,0.09793197096596107,0.04061906754232025,0.16566582054496493,10,22.919999999999998,22.985185185185188,239,2.302585092994046
-0.03242806271467488,0.0008255285144764046,0.2596044965801193,-0.04860834270167514,-0.18747354509096864,0.022498481808419884,-0.2725815850742473,1.2142257661129527,-0.07152281065435341,0.15000608857854913,0.13052554552901557,-0.2559613939091831,-0.19546533658316415,-0.0655512948574736,-0.10836711487737823,-0.1110277971658699,0.4759129778877517,-0.10045105192730244,-0.4246818107998732,-0.02390351816869316,-0.16514934724151806,-0.26387639547658864,0.11093312295626656,20,21.813333333333333,21.91481481481481,239,2.995732273553991
0.003287212438805627,0.024426266069552633,-1.0957188718742632,-0.0849227852871379,0.5054943765728911,0.05202689070943811,-0.4119989684141758,1.158165627937682,0.27637806618153044,0.15152528536442758,-0.017519164126545174,1.080131352409993,-0.04567746488243907,0.03553190140181324,0.2376165237801077,-0.08961331004532423,0.6594257908921595,0.3664102064479249,-1.2647259933399817,0.12865904260557556,0.6336039874571383,-0.16863526063223075,1.4944717310692726,0,18.950000000000003,19.0,240,0.0
0.022670201691958394,0.02956995134481794,1.7038679229660145,-0.00267276024551949,1.2135812505043917,-0.05784108363091159,-0.7483800405345526,1.9145863532194447,0.033675070137494746,0.19616147414765556,0.058901126367463315,-1.4542065295332585,-0.19546820729804906,0.06879001777370125,,-0.11261547337276077,-0.40033488775442017,0.26361511287779577,0.6310562248469792,-0.027722480912548923,-0.9010084054882115,0.0010772037361821557,-0.08333441567201927,5,18.93333333333333,19.0,240,1.6094379124341003
0.009732276111056426,0.049593289372744966,-1.2492935220610581,-0.025690349443856286,1.0048631618756525,0.11185536983551983,0.32053840631780267,-0.16826684151101803,0.19325587113086076,0.09243016074975258,0.05822981825317125,-1.4768066663083883,-0.13690723325997045,0.1251631531308915,-0.11490282893292415,0.012466965930718797,1.7605699459496442,0.0653317922088198,-0.4350872908602672,0.02202907527561055,-0.19391097626294654,0.0024136752343527548,-1.8105129788177439,10,19.883333333333333,20.0,240,2.302585092994046
-0.03296134068421836,0.021000620885347304,-0.4913343852262737,0.06844244642965622,0.4767624799214227,0.23104823973220692,1.6748558618498999,0.19566092889344955,0.18605141780118337,0.057308284923473105,0.02080265428847876,1.77289929960118,0.20965745618022452,0.08589111759299799,0.2403039995944266,-0.11616018606963688,-0.7119247596124154,0.2514321589733217,-1.4886039149528822,0.03011032739657398,-0.13411093131236457,-0.055848708843263095,2.5282741454540307,20,19.883333333333333,20.0,240,2.995732273553991
0.0812829960196944,0.10676716913407026,-0.943815944012131,-0.43044117000497156,0.8419453861222259,-0.5214776758045963,-0.8652385864946579,0.014485589021064255,-0.3192359316521646,-0.04478440900886715,-0.0808891645418242,-0.49596527931116996,-0.18525489588272134,-0.03241693791353699,-0.39904733627497674,-0.08835260230250801,-0.6090894067341319,-0.41817255144011045,-0.37459085670014103,-0.01354076304077057,-0.689894754682313,-0.39876079581827417,-1.6654200687226575,0,18.9,19.0,241,0.0
0.15403032652484797,0.15770881840883116,-1.1896143103388612,-0.2665848815292412,1.0622963605278868,-0.22798539350376254,-0.5068214286648752,0.49983722570380407,-0.29016408957572104,0.02544228206547435,-0.1212479503860523,-0.8035910119464788,-0.21870730783328307,-0.16558946145030368,-0.38350811858500083,-0.08466820286210007,-0.6615121472078181,-0.4042007862750269,-0.2601755654354938,-0.027766877775135847,-0.48367818877630653,-0.34979635265789644,-1.2784746851467197,5,18.946666666666665,19.0,241,1.6094379124341003
0.2417322991012713,0.2590203162122499,-1.3591233917611836,-0.37401221541060325,0.6468148496506894,-0.42209690124049565,-1.8868490467905918,-0.08082057996215435,-0.30518156224379894,-0.0424026272929979,-0.0637057933708931,-0.8011553959168856,-0.32681469625828624,0.012101815219167849,-0.49035709670270444,0.04841032176539013,-0.5486802105845372,-0.4253057747969688,-0.05596968712225825,0.05463011881153392,-0.6482717181994236,-0.15428210335489612,-1.6728730572602715,10,19.883333333333333,20.0,241,2.302585092994046
0.04608082375229281,0.0772825999363565,-1.054093371553908,-0.2485154338532827,0.7335847833177169,-0.3069456938514373,-1.787038313337587,1.2223247728768096,-0.23391845481057838,-0.04567823657145191,-0.1580229070892101,-0.5687766449749337,-0.1814044329918659,-0.09482906757616422,-0.38251868448880694,-0.09851548341611682,-0.7554539198122229,-0.35977391913653234,-0.37966308400354704,-0.15129029513159692,-0.9069149548547346,-0.11906797530799976,-1.1432605023703044,20,19.883333333333333,20.0,241,2.995732273553991
