feat,participant,on-off,channel,feature
chan_0_exponent1,201,0.1705122255760847,Fp1,AP_e
chan_0_exponent1,202,0.0650896765428306,Fp1,AP_e
chan_0_exponent1,203,0.1039061933074372,Fp1,AP_e
chan_0_exponent1,204,0.2097749306752416,Fp1,AP_e
chan_0_exponent1,205,0.0057094589157351,Fp1,AP_e
chan_0_exponent1,206,-0.0607194587941416,Fp1,AP_e
chan_0_exponent1,207,0.1359835406369788,Fp1,AP_e
chan_0_exponent1,208,-0.0205149299632531,Fp1,AP_e
chan_0_exponent1,209,0.2518802178959768,Fp1,AP_e
chan_0_exponent1,210,0.084383128611647,Fp1,AP_e
chan_0_exponent1,211,0.1591629380920122,Fp1,AP_e
chan_0_exponent1,212,-0.0546114436084239,Fp1,AP_e
chan_0_exponent1,213,0.0335579435058826,Fp1,AP_e
chan_0_exponent1,214,0.0746406538758465,Fp1,AP_e
chan_0_exponent1,215,0.0865116061488532,Fp1,AP_e
chan_0_exponent1,216,0.0417124753615591,Fp1,AP_e
chan_0_exponent1,217,0.0246296444368805,Fp1,AP_e
chan_0_exponent1,218,-0.1166714145186775,Fp1,AP_e
chan_0_exponent1,219,-0.0451002312721411,Fp1,AP_e
chan_0_exponent1,220,0.0976000693593316,Fp1,AP_e
chan_0_exponent1,221,-0.1064058183987014,Fp1,AP_e
chan_0_exponent1,222,0.0614406140372099,Fp1,AP_e
chan_0_exponent1,223,0.2021152235113735,Fp1,AP_e
chan_0_exponent1,224,0.179433001563078,Fp1,AP_e
chan_0_exponent1,225,0.1401743538303953,Fp1,AP_e
chan_0_exponent1,226,0.091427570715117,Fp1,AP_e
chan_0_exponent1,227,0.1572265437479845,Fp1,AP_e
chan_0_exponent1,228,0.1781129609682652,Fp1,AP_e
chan_0_exponent1,229,0.0999126651856034,Fp1,AP_e
chan_0_exponent1,230,0.2229164180728083,Fp1,AP_e
chan_0_exponent1,232,0.0859563922665178,Fp1,AP_e
chan_0_exponent1,233,0.0735018561998272,Fp1,AP_e
chan_0_exponent1,234,0.0552656570747459,Fp1,AP_e
chan_0_exponent1,235,-0.0213371818112792,Fp1,AP_e
chan_0_exponent1,236,-0.1062010178564877,Fp1,AP_e
chan_0_exponent1,237,0.129670456506053,Fp1,AP_e
chan_0_exponent1,238,-0.0555526318954442,Fp1,AP_e
chan_0_exponent1,239,0.0689097393975507,Fp1,AP_e
chan_0_exponent1,240,0.0310659124726369,Fp1,AP_e
chan_0_exponent1,241,0.1503250842258808,Fp1,AP_e
chan_0_alpha0,201,-1.6021944579119114,Fp1,α_f
chan_0_alpha0,202,-1.2564848720698645,Fp1,α_f
chan_0_alpha0,203,-0.7730530342198809,Fp1,α_f
chan_0_alpha0,204,-1.474667710826567,Fp1,α_f
chan_0_alpha0,205,-0.3896354243916398,Fp1,α_f
chan_0_alpha0,206,-2.486508047617634,Fp1,α_f
chan_0_alpha0,207,-3.3526157360273703,Fp1,α_f
chan_0_alpha0,208,-2.7576023086683605,Fp1,α_f
chan_0_alpha0,209,-1.5938454539990106,Fp1,α_f
chan_0_alpha0,210,-0.898249691884569,Fp1,α_f
chan_0_alpha0,211,-0.3674984731171458,Fp1,α_f
chan_0_alpha0,212,-0.5833073743601791,Fp1,α_f
chan_0_alpha0,213,-0.1513795167907686,Fp1,α_f
chan_0_alpha0,214,-0.6755967962145247,Fp1,α_f
chan_0_alpha0,215,-1.3193093217919298,Fp1,α_f
chan_0_alpha0,216,-1.606550110317269,Fp1,α_f
chan_0_alpha0,217,-1.683320781166701,Fp1,α_f
chan_0_alpha0,218,-1.9638237472709867,Fp1,α_f
chan_0_alpha0,219,-0.8473919945655899,Fp1,α_f
chan_0_alpha0,220,-1.914047219475752,Fp1,α_f
chan_0_alpha0,221,-3.1273458345629868,Fp1,α_f
chan_0_alpha0,222,0.0114373395820115,Fp1,α_f
chan_0_alpha0,223,-1.139222057278852,Fp1,α_f
chan_0_alpha0,224,-1.3276305757688112,Fp1,α_f
chan_0_alpha0,225,-2.13457457861164,Fp1,α_f
chan_0_alpha0,226,-1.9575135318321115,Fp1,α_f
chan_0_alpha0,227,-1.5539233541916997,Fp1,α_f
chan_0_alpha0,228,-0.3832083656227117,Fp1,α_f
chan_0_alpha0,229,-0.2022050525106525,Fp1,α_f
chan_0_alpha0,230,-1.9149352894825744,Fp1,α_f
chan_0_alpha0,232,-0.1743356506948015,Fp1,α_f
chan_0_alpha0,233,-1.619108109008157,Fp1,α_f
chan_0_alpha0,234,-0.8147682698804294,Fp1,α_f
chan_0_alpha0,235,-0.1040887802819408,Fp1,α_f
chan_0_alpha0,236,0.1931437908834194,Fp1,α_f
chan_0_alpha0,237,0.2177191179437464,Fp1,α_f
chan_0_alpha0,238,-1.3735956449174624,Fp1,α_f
chan_0_alpha0,239,-1.521943311040287,Fp1,α_f
chan_0_alpha0,240,-0.91254558335102,Fp1,α_f
chan_0_alpha0,241,-3.2710381841716014,Fp1,α_f
chan_0_alpha1,201,-0.2977633924133755,Fp1,α_pw
chan_0_alpha1,202,-0.1216517560165504,Fp1,α_pw
chan_0_alpha1,203,-0.0893288824877876,Fp1,α_pw
chan_0_alpha1,204,-0.1866741590617306,Fp1,α_pw
chan_0_alpha1,205,-0.0672949601321558,Fp1,α_pw
chan_0_alpha1,206,-0.4602734545615599,Fp1,α_pw
chan_0_alpha1,207,-0.624696319600929,Fp1,α_pw
chan_0_alpha1,208,-0.6407551496955476,Fp1,α_pw
chan_0_alpha1,209,-0.2503275372430813,Fp1,α_pw
chan_0_alpha1,210,-0.1038282765023869,Fp1,α_pw
chan_0_alpha1,211,-0.0444108180432216,Fp1,α_pw
chan_0_alpha1,212,-0.1236135463172908,Fp1,α_pw
chan_0_alpha1,213,-0.0238234838696246,Fp1,α_pw
chan_0_alpha1,214,-0.1940774083752524,Fp1,α_pw
chan_0_alpha1,215,-0.2798107775765092,Fp1,α_pw
chan_0_alpha1,216,-0.2432201559304583,Fp1,α_pw
chan_0_alpha1,217,-0.2734702980422385,Fp1,α_pw
chan_0_alpha1,218,-0.2858041612879027,Fp1,α_pw
chan_0_alpha1,219,-0.0931570998130728,Fp1,α_pw
chan_0_alpha1,220,-0.2440802720386074,Fp1,α_pw
chan_0_alpha1,221,-0.6501400533409598,Fp1,α_pw
chan_0_alpha1,222,-0.0102358465464068,Fp1,α_pw
chan_0_alpha1,223,-0.2779542193770237,Fp1,α_pw
chan_0_alpha1,224,-0.1593388724266854,Fp1,α_pw
chan_0_alpha1,225,-0.3487605927480186,Fp1,α_pw
chan_0_alpha1,226,-0.2528357663071113,Fp1,α_pw
chan_0_alpha1,227,-0.2045510926708809,Fp1,α_pw
chan_0_alpha1,228,-0.1738840547376844,Fp1,α_pw
chan_0_alpha1,229,-0.0156725852587893,Fp1,α_pw
chan_0_alpha1,230,-0.2492474728778546,Fp1,α_pw
chan_0_alpha1,232,-0.0245924424558051,Fp1,α_pw
chan_0_alpha1,233,-0.1886026457337208,Fp1,α_pw
chan_0_alpha1,234,-0.1060567565020198,Fp1,α_pw
chan_0_alpha1,235,-0.0028371671483778,Fp1,α_pw
chan_0_alpha1,236,0.0136544313526531,Fp1,α_pw
chan_0_alpha1,237,0.0603836585823273,Fp1,α_pw
chan_0_alpha1,238,-0.3082569478723547,Fp1,α_pw
chan_0_alpha1,239,-0.1768035941315962,Fp1,α_pw
chan_0_alpha1,240,-0.0978680223248781,Fp1,α_pw
chan_0_alpha1,241,-0.4686869652852492,Fp1,α_pw
chan_0_beta0,201,1.3987806204887936,Fp1,β_f
chan_0_beta0,202,0.5550862321138375,Fp1,β_f
chan_0_beta0,203,0.7757137924597716,Fp1,β_f
chan_0_beta0,204,0.8782750826153592,Fp1,β_f
chan_0_beta0,205,-0.086453367517435,Fp1,β_f
chan_0_beta0,206,1.0857660020438165,Fp1,β_f
chan_0_beta0,207,1.1478539125731764,Fp1,β_f
chan_0_beta0,208,1.0576050741771144,Fp1,β_f
chan_0_beta0,209,-0.0722107687460973,Fp1,β_f
chan_0_beta0,210,1.0283211734897395,Fp1,β_f
chan_0_beta0,211,0.5085110599079246,Fp1,β_f
chan_0_beta0,212,0.4089711809365856,Fp1,β_f
chan_0_beta0,213,1.2581313714085989,Fp1,β_f
chan_0_beta0,214,-0.3710105697406839,Fp1,β_f
chan_0_beta0,215,1.0735401607138817,Fp1,β_f
chan_0_beta0,216,0.7940343015622999,Fp1,β_f
chan_0_beta0,217,1.5123096191215828,Fp1,β_f
chan_0_beta0,218,1.6074433156984167,Fp1,β_f
chan_0_beta0,219,-0.690011986141266,Fp1,β_f
chan_0_beta0,220,1.362377090693967,Fp1,β_f
chan_0_beta0,221,0.4256941657276408,Fp1,β_f
chan_0_beta0,222,0.4341061245784401,Fp1,β_f
chan_0_beta0,223,0.90410648841619,Fp1,β_f
chan_0_beta0,224,1.4579458615311007,Fp1,β_f
chan_0_beta0,225,1.958738513043704,Fp1,β_f
chan_0_beta0,226,1.3656978703985914,Fp1,β_f
chan_0_beta0,227,2.059185802898692,Fp1,β_f
chan_0_beta0,228,-0.2624367642440129,Fp1,β_f
chan_0_beta0,229,0.1949146854083203,Fp1,β_f
chan_0_beta0,230,-0.6069246396402904,Fp1,β_f
chan_0_beta0,232,0.962037696057052,Fp1,β_f
chan_0_beta0,233,1.5350501623207349,Fp1,β_f
chan_0_beta0,234,0.2401730607408629,Fp1,β_f
chan_0_beta0,235,0.6641518597469359,Fp1,β_f
chan_0_beta0,236,1.170087858544928,Fp1,β_f
chan_0_beta0,237,0.0207791908073976,Fp1,β_f
chan_0_beta0,238,1.8445854674644364,Fp1,β_f
chan_0_beta0,239,0.3111825937440165,Fp1,β_f
chan_0_beta0,240,0.2518859739940839,Fp1,β_f
chan_0_beta0,241,0.9422893959475884,Fp1,β_f
chan_2_alpha0,201,-0.6492870034721144,F3,α_f
chan_2_alpha0,202,-0.9529456246881338,F3,α_f
chan_2_alpha0,203,-0.116439278080865,F3,α_f
chan_2_alpha0,204,-1.770015981552896,F3,α_f
chan_2_alpha0,205,-1.0461163529398418,F3,α_f
chan_2_alpha0,206,-1.538384071355862,F3,α_f
chan_2_alpha0,207,-2.831926169145248,F3,α_f
chan_2_alpha0,208,-1.9774757521595288,F3,α_f
chan_2_alpha0,209,-1.494150500161769,F3,α_f
chan_2_alpha0,210,-0.5838451271524874,F3,α_f
chan_2_alpha0,211,-0.1316450182733058,F3,α_f
chan_2_alpha0,212,-0.603996548903551,F3,α_f
chan_2_alpha0,213,-0.3153355934756828,F3,α_f
chan_2_alpha0,214,-1.0037926048416057,F3,α_f
chan_2_alpha0,215,-2.0905756149516264,F3,α_f
chan_2_alpha0,216,-1.096964722573979,F3,α_f
chan_2_alpha0,217,-1.664946850273428,F3,α_f
chan_2_alpha0,218,-1.391048841051176,F3,α_f
chan_2_alpha0,219,-0.3730257375910491,F3,α_f
chan_2_alpha0,220,-2.064050007803534,F3,α_f
chan_2_alpha0,221,-3.165434743371507,F3,α_f
chan_2_alpha0,222,-0.1904891438876841,F3,α_f
chan_2_alpha0,223,-1.6995239729659235,F3,α_f
chan_2_alpha0,224,-0.8767147817629645,F3,α_f
chan_2_alpha0,225,-1.417786738447552,F3,α_f
chan_2_alpha0,226,-2.079180737093776,F3,α_f
chan_2_alpha0,227,-1.1958781315384222,F3,α_f
chan_2_alpha0,228,-0.4931714826927617,F3,α_f
chan_2_alpha0,229,-0.1852476509882728,F3,α_f
chan_2_alpha0,230,-0.839556728589049,F3,α_f
chan_2_alpha0,232,-0.3947033762404218,F3,α_f
chan_2_alpha0,233,-1.5633085890965923,F3,α_f
chan_2_alpha0,234,-0.6197685737745303,F3,α_f
chan_2_alpha0,235,-0.1700375080048009,F3,α_f
chan_2_alpha0,236,0.0033202068356461,F3,α_f
chan_2_alpha0,237,0.2274886776248352,F3,α_f
chan_2_alpha0,238,-1.650851951485316,F3,α_f
chan_2_alpha0,239,-1.16732282078284,F3,α_f
chan_2_alpha0,240,-0.1866783231743232,F3,α_f
chan_2_alpha0,241,-3.226777437718954,F3,α_f
chan_3_alpha0,201,-0.7940532515120441,F7,α_f
chan_3_alpha0,202,-1.0281058635906335,F7,α_f
chan_3_alpha0,203,-0.666450417184299,F7,α_f
chan_3_alpha0,204,-1.2110927523183093,F7,α_f
chan_3_alpha0,205,-0.6914503589773854,F7,α_f
chan_3_alpha0,206,-1.81895683761236,F7,α_f
chan_3_alpha0,207,-3.3405339286277496,F7,α_f
chan_3_alpha0,208,-2.740941150428853,F7,α_f
chan_3_alpha0,209,-1.4131574193179304,F7,α_f
chan_3_alpha0,210,-0.3742568828444375,F7,α_f
chan_3_alpha0,211,-0.1755826782423945,F7,α_f
chan_3_alpha0,212,-0.399675269933275,F7,α_f
chan_3_alpha0,213,0.0611848363517744,F7,α_f
chan_3_alpha0,214,-1.3901579716324768,F7,α_f
chan_3_alpha0,215,-1.8755891288711344,F7,α_f
chan_3_alpha0,216,-1.235278652076932,F7,α_f
chan_3_alpha0,217,-1.4378421845210476,F7,α_f
chan_3_alpha0,218,-2.0000123934769034,F7,α_f
chan_3_alpha0,219,-0.55254349129901,F7,α_f
chan_3_alpha0,220,-1.171568768227168,F7,α_f
chan_3_alpha0,221,-3.2811570893191457,F7,α_f
chan_3_alpha0,222,0.083939725429118,F7,α_f
chan_3_alpha0,223,-1.2378395807175333,F7,α_f
chan_3_alpha0,224,-0.5514856006051175,F7,α_f
chan_3_alpha0,225,-1.3970429086588485,F7,α_f
chan_3_alpha0,226,-2.246169736688828,F7,α_f
chan_3_alpha0,227,-1.4829733863450372,F7,α_f
chan_3_alpha0,228,-0.3668317608265134,F7,α_f
chan_3_alpha0,229,-0.3567702451666139,F7,α_f
chan_3_alpha0,230,-1.2173297748879293,F7,α_f
chan_3_alpha0,232,-0.1392111166112101,F7,α_f
chan_3_alpha0,233,-1.9408516728943064,F7,α_f
chan_3_alpha0,234,-0.8277743282011901,F7,α_f
chan_3_alpha0,235,-0.2094709711340923,F7,α_f
chan_3_alpha0,236,-0.0423487420916919,F7,α_f
chan_3_alpha0,237,0.2189452926666548,F7,α_f
chan_3_alpha0,238,-1.3786513909835156,F7,α_f
chan_3_alpha0,239,-1.2649126545722142,F7,α_f
chan_3_alpha0,240,-1.1927065120506972,F7,α_f
chan_3_alpha0,241,-2.9558185401543207,F7,α_f
chan_3_alpha1,201,-0.1725539261621468,F7,α_pw
chan_3_alpha1,202,-0.1131912145837192,F7,α_pw
chan_3_alpha1,203,-0.0881094623037274,F7,α_pw
chan_3_alpha1,204,-0.1636339859412169,F7,α_pw
chan_3_alpha1,205,-0.0932782020977444,F7,α_pw
chan_3_alpha1,206,-0.3906264443583335,F7,α_pw
chan_3_alpha1,207,-0.6474030821219978,F7,α_pw
chan_3_alpha1,208,-0.6633396221303987,F7,α_pw
chan_3_alpha1,209,-0.2606620360529902,F7,α_pw
chan_3_alpha1,210,-0.044434677860009,F7,α_pw
chan_3_alpha1,211,-0.0283295958987816,F7,α_pw
chan_3_alpha1,212,-0.1355433571242817,F7,α_pw
chan_3_alpha1,213,0.005379669859019,F7,α_pw
chan_3_alpha1,214,-0.2601622850218519,F7,α_pw
chan_3_alpha1,215,-0.2983790432003829,F7,α_pw
chan_3_alpha1,216,-0.188667441428217,F7,α_pw
chan_3_alpha1,217,-0.2204050918876841,F7,α_pw
chan_3_alpha1,218,-0.2702345618142889,F7,α_pw
chan_3_alpha1,219,-0.0474477392838076,F7,α_pw
chan_3_alpha1,220,-0.1188406728035186,F7,α_pw
chan_3_alpha1,221,-0.6695660820041047,F7,α_pw
chan_3_alpha1,222,0.0122868463832138,F7,α_pw
chan_3_alpha1,223,-0.2386547417440578,F7,α_pw
chan_3_alpha1,224,-0.0789418077314107,F7,α_pw
chan_3_alpha1,225,-0.2552583803911749,F7,α_pw
chan_3_alpha1,226,-0.2936279577496839,F7,α_pw
chan_3_alpha1,227,-0.2395973925841865,F7,α_pw
chan_3_alpha1,228,-0.2015245330379118,F7,α_pw
chan_3_alpha1,229,-0.0427060162198377,F7,α_pw
chan_3_alpha1,230,-0.1380785222986277,F7,α_pw
chan_3_alpha1,232,-0.0096640656309738,F7,α_pw
chan_3_alpha1,233,-0.2556696728947424,F7,α_pw
chan_3_alpha1,234,-0.1142588357584946,F7,α_pw
chan_3_alpha1,235,-0.0121990609879211,F7,α_pw
chan_3_alpha1,236,-0.0073952235381007,F7,α_pw
chan_3_alpha1,237,0.0471378301460516,F7,α_pw
chan_3_alpha1,238,-0.3058734735476885,F7,α_pw
chan_3_alpha1,239,-0.1461424875848909,F7,α_pw
chan_3_alpha1,240,-0.1265178743758584,F7,α_pw
chan_3_alpha1,241,-0.3798912011667633,F7,α_pw
chan_3_beta0,201,0.3457485266162873,F7,β_f
chan_3_beta0,202,1.357688170241396,F7,β_f
chan_3_beta0,203,1.6524976238918174,F7,β_f
chan_3_beta0,204,2.076233003212998,F7,β_f
chan_3_beta0,205,-0.8248517234583187,F7,β_f
chan_3_beta0,206,1.6031665225917455,F7,β_f
chan_3_beta0,207,0.7518551621259378,F7,β_f
chan_3_beta0,208,0.8559553361219427,F7,β_f
chan_3_beta0,209,0.572800109211885,F7,β_f
chan_3_beta0,210,0.752218928812612,F7,β_f
chan_3_beta0,211,0.3553600171439742,F7,β_f
chan_3_beta0,212,0.7544894833960563,F7,β_f
chan_3_beta0,213,0.7313369020193871,F7,β_f
chan_3_beta0,214,-0.6199854997508978,F7,β_f
chan_3_beta0,215,1.4164063148862351,F7,β_f
chan_3_beta0,216,0.5020911938955948,F7,β_f
chan_3_beta0,217,0.8878055678151481,F7,β_f
chan_3_beta0,218,0.688698398744981,F7,β_f
chan_3_beta0,219,0.1075706286117214,F7,β_f
chan_3_beta0,220,1.672884863704361,F7,β_f
chan_3_beta0,221,0.305338627459464,F7,β_f
chan_3_beta0,222,1.0915088232238412,F7,β_f
chan_3_beta0,223,1.5804971321133423,F7,β_f
chan_3_beta0,224,1.0696238805931289,F7,β_f
chan_3_beta0,225,0.8455606231798194,F7,β_f
chan_3_beta0,226,0.7898696319453062,F7,β_f
chan_3_beta0,227,0.5433611167674616,F7,β_f
chan_3_beta0,228,0.2704639022839282,F7,β_f
chan_3_beta0,229,0.3633207536707701,F7,β_f
chan_3_beta0,230,1.721845674747539,F7,β_f
chan_3_beta0,232,0.910437314473073,F7,β_f
chan_3_beta0,233,1.8074862140094583,F7,β_f
chan_3_beta0,234,0.713076692663312,F7,β_f
chan_3_beta0,235,0.8031921811840946,F7,β_f
chan_3_beta0,236,0.4036685944829031,F7,β_f
chan_3_beta0,237,0.3595932792794478,F7,β_f
chan_3_beta0,238,1.07104970954639,F7,β_f
chan_3_beta0,239,0.6423382053380998,F7,β_f
chan_3_beta0,240,0.3689982453811788,F7,β_f
chan_3_beta0,241,-0.1372221481640127,F7,β_f
chan_4_exponent1,201,0.1296113027227243,FT9,AP_e
chan_4_exponent1,202,0.0361016597794831,FT9,AP_e
chan_4_exponent1,203,0.083746272195537,FT9,AP_e
chan_4_exponent1,204,0.1479461947874548,FT9,AP_e
chan_4_exponent1,205,0.0101608039224481,FT9,AP_e
chan_4_exponent1,206,-0.0832427113420424,FT9,AP_e
chan_4_exponent1,207,0.2555354024779676,FT9,AP_e
chan_4_exponent1,208,-0.028105139843315,FT9,AP_e
chan_4_exponent1,209,0.1927803109022633,FT9,AP_e
chan_4_exponent1,210,0.0555544516188206,FT9,AP_e
chan_4_exponent1,211,0.0524264902722999,FT9,AP_e
chan_4_exponent1,212,0.0276765293399719,FT9,AP_e
chan_4_exponent1,213,-0.0168332179211837,FT9,AP_e
chan_4_exponent1,214,-0.0050402243685154,FT9,AP_e
chan_4_exponent1,215,0.0579022362171334,FT9,AP_e
chan_4_exponent1,216,0.0744183077374429,FT9,AP_e
chan_4_exponent1,217,0.0170491443368231,FT9,AP_e
chan_4_exponent1,218,0.0021599799020487,FT9,AP_e
chan_4_exponent1,219,0.0415339492591417,FT9,AP_e
chan_4_exponent1,220,0.0584714640106396,FT9,AP_e
chan_4_exponent1,221,-0.0889910179157995,FT9,AP_e
chan_4_exponent1,222,-0.0103603953277554,FT9,AP_e
chan_4_exponent1,223,0.1129137445626402,FT9,AP_e
chan_4_exponent1,224,0.0392024008446002,FT9,AP_e
chan_4_exponent1,225,0.0314413186767151,FT9,AP_e
chan_4_exponent1,226,0.0885585300520738,FT9,AP_e
chan_4_exponent1,227,0.1154323604835453,FT9,AP_e
chan_4_exponent1,228,0.2214041161853272,FT9,AP_e
chan_4_exponent1,229,0.0040815825760058,FT9,AP_e
chan_4_exponent1,230,0.1687111207649471,FT9,AP_e
chan_4_exponent1,232,0.0792954270717592,FT9,AP_e
chan_4_exponent1,233,0.0326914973948655,FT9,AP_e
chan_4_exponent1,234,0.0331198329482742,FT9,AP_e
chan_4_exponent1,235,0.022369609187437,FT9,AP_e
chan_4_exponent1,236,-0.0813550946197648,FT9,AP_e
chan_4_exponent1,237,-0.0002358673799629,FT9,AP_e
chan_4_exponent1,238,0.0289261557813662,FT9,AP_e
chan_4_exponent1,239,0.0316011795634365,FT9,AP_e
chan_4_exponent1,240,0.0837552962533362,FT9,AP_e
chan_4_exponent1,241,0.0462428285691962,FT9,AP_e
chan_8_exponent0,201,0.0835261263032301,T7,AP_o
chan_8_exponent0,202,-0.0302723422894421,T7,AP_o
chan_8_exponent0,203,-0.023797530136105,T7,AP_o
chan_8_exponent0,204,0.1068044569854719,T7,AP_o
chan_8_exponent0,205,0.0706707076364731,T7,AP_o
chan_8_exponent0,206,-0.2196015136972023,T7,AP_o
chan_8_exponent0,207,0.04285281225096,T7,AP_o
chan_8_exponent0,208,-0.1691929842275596,T7,AP_o
chan_8_exponent0,209,0.2718661968395323,T7,AP_o
chan_8_exponent0,210,0.1525350062077064,T7,AP_o
chan_8_exponent0,211,0.0813557708259111,T7,AP_o
chan_8_exponent0,212,-0.1194944774120252,T7,AP_o
chan_8_exponent0,213,-0.0646577796496077,T7,AP_o
chan_8_exponent0,214,-0.0810397947735533,T7,AP_o
chan_8_exponent0,215,0.1063454867756957,T7,AP_o
chan_8_exponent0,216,0.0530948098949444,T7,AP_o
chan_8_exponent0,217,-0.0201133334351955,T7,AP_o
chan_8_exponent0,218,-0.0884461946303738,T7,AP_o
chan_8_exponent0,219,-0.0201366372674742,T7,AP_o
chan_8_exponent0,220,0.1190830164078537,T7,AP_o
chan_8_exponent0,221,-0.2463181561890947,T7,AP_o
chan_8_exponent0,222,-0.0560985432100123,T7,AP_o
chan_8_exponent0,223,0.1008055616405159,T7,AP_o
chan_8_exponent0,224,-0.0095082766212087,T7,AP_o
chan_8_exponent0,225,0.0540986655159379,T7,AP_o
chan_8_exponent0,226,0.0296289288968311,T7,AP_o
chan_8_exponent0,227,0.1126405611271146,T7,AP_o
chan_8_exponent0,228,0.2043765489134671,T7,AP_o
chan_8_exponent0,229,0.1253191818368897,T7,AP_o
chan_8_exponent0,230,0.2026258503413331,T7,AP_o
chan_8_exponent0,232,0.1431647770381093,T7,AP_o
chan_8_exponent0,233,0.0274573795675124,T7,AP_o
chan_8_exponent0,234,0.0194153206341116,T7,AP_o
chan_8_exponent0,235,0.014704456559613,T7,AP_o
chan_8_exponent0,236,-0.0787498418227088,T7,AP_o
chan_8_exponent0,237,0.0115602724270624,T7,AP_o
chan_8_exponent0,238,0.0860795297461365,T7,AP_o
chan_8_exponent0,239,0.0245731939184748,T7,AP_o
chan_8_exponent0,240,0.0470829077511452,T7,AP_o
chan_8_exponent0,241,-0.0043571759616434,T7,AP_o
chan_8_exponent1,201,0.0814429058261888,T7,AP_e
chan_8_exponent1,202,-0.0184733135487215,T7,AP_e
chan_8_exponent1,203,0.012703105438178,T7,AP_e
chan_8_exponent1,204,0.082278911987019,T7,AP_e
chan_8_exponent1,205,0.0713523874715742,T7,AP_e
chan_8_exponent1,206,-0.1195194969648834,T7,AP_e
chan_8_exponent1,207,0.0594515381053186,T7,AP_e
chan_8_exponent1,208,-0.0251274552396367,T7,AP_e
chan_8_exponent1,209,0.2242708499053567,T7,AP_e
chan_8_exponent1,210,0.1254455808482022,T7,AP_e
chan_8_exponent1,211,0.0602550778989879,T7,AP_e
chan_8_exponent1,212,-0.026836621156155,T7,AP_e
chan_8_exponent1,213,-0.0224301649187765,T7,AP_e
chan_8_exponent1,214,-0.0381992786121924,T7,AP_e
chan_8_exponent1,215,0.093616855440439,T7,AP_e
chan_8_exponent1,216,0.0801140377460212,T7,AP_e
chan_8_exponent1,217,0.011112926849859,T7,AP_e
chan_8_exponent1,218,-0.060144460656024,T7,AP_e
chan_8_exponent1,219,0.0033430229309558,T7,AP_e
chan_8_exponent1,220,0.1295440018990491,T7,AP_e
chan_8_exponent1,221,-0.0710938501129766,T7,AP_e
chan_8_exponent1,222,-0.0427959730709533,T7,AP_e
chan_8_exponent1,223,0.1006704990787143,T7,AP_e
chan_8_exponent1,224,0.0187392070597981,T7,AP_e
chan_8_exponent1,225,0.061115118489919,T7,AP_e
chan_8_exponent1,226,0.0626144895804082,T7,AP_e
chan_8_exponent1,227,0.0837330896801969,T7,AP_e
chan_8_exponent1,228,0.1670092045098956,T7,AP_e
chan_8_exponent1,229,0.1125415327518486,T7,AP_e
chan_8_exponent1,230,0.1638541336820206,T7,AP_e
chan_8_exponent1,232,0.1205231855658411,T7,AP_e
chan_8_exponent1,233,0.0380474867223161,T7,AP_e
chan_8_exponent1,234,0.0402319214760504,T7,AP_e
chan_8_exponent1,235,0.0265150483995884,T7,AP_e
chan_8_exponent1,236,-0.0495643742023917,T7,AP_e
chan_8_exponent1,237,0.0261352058315486,T7,AP_e
chan_8_exponent1,238,0.0804696767132637,T7,AP_e
chan_8_exponent1,239,0.0460909782324064,T7,AP_e
chan_8_exponent1,240,0.0488074261557673,T7,AP_e
chan_8_exponent1,241,0.0455200061030078,T7,AP_e
chan_11_exponent1,201,0.003826183194665,Pz,AP_e
chan_11_exponent1,202,0.0778990854247857,Pz,AP_e
chan_11_exponent1,203,0.0766802967129876,Pz,AP_e
chan_11_exponent1,204,0.0780029921878265,Pz,AP_e
chan_11_exponent1,205,0.1198824728736138,Pz,AP_e
chan_11_exponent1,206,-0.082509192570123,Pz,AP_e
chan_11_exponent1,207,0.0444947020965413,Pz,AP_e
chan_11_exponent1,208,-0.0147967429728092,Pz,AP_e
chan_11_exponent1,209,0.1734919501859433,Pz,AP_e
chan_11_exponent1,210,0.1085806220176813,Pz,AP_e
chan_11_exponent1,211,-0.0224801467248275,Pz,AP_e
chan_11_exponent1,212,-0.0397087211057751,Pz,AP_e
chan_11_exponent1,213,0.0437579297940247,Pz,AP_e
chan_11_exponent1,214,0.023376295511866,Pz,AP_e
chan_11_exponent1,215,0.0211733398840397,Pz,AP_e
chan_11_exponent1,216,0.1237224026819121,Pz,AP_e
chan_11_exponent1,217,0.1155760055005296,Pz,AP_e
chan_11_exponent1,218,-0.0110847290033957,Pz,AP_e
chan_11_exponent1,219,0.0763589754203408,Pz,AP_e
chan_11_exponent1,220,0.1204735132109203,Pz,AP_e
chan_11_exponent1,221,0.0848658588349113,Pz,AP_e
chan_11_exponent1,222,0.0625810669778006,Pz,AP_e
chan_11_exponent1,223,0.1120800692216283,Pz,AP_e
chan_11_exponent1,224,0.0248734778605234,Pz,AP_e
chan_11_exponent1,225,0.0976277039479415,Pz,AP_e
chan_11_exponent1,226,0.0780886365576021,Pz,AP_e
chan_11_exponent1,227,0.1449825276771502,Pz,AP_e
chan_11_exponent1,228,0.1514699767932055,Pz,AP_e
chan_11_exponent1,229,0.1106222206001483,Pz,AP_e
chan_11_exponent1,230,0.1664635460043759,Pz,AP_e
chan_11_exponent1,232,0.0823762615603496,Pz,AP_e
chan_11_exponent1,233,0.0559677210147556,Pz,AP_e
chan_11_exponent1,234,0.0272929394300092,Pz,AP_e
chan_11_exponent1,235,-0.0294089481728943,Pz,AP_e
chan_11_exponent1,236,0.0173920987767245,Pz,AP_e
chan_11_exponent1,237,0.0046423681295468,Pz,AP_e
chan_11_exponent1,238,-0.0149431614474507,Pz,AP_e
chan_11_exponent1,239,0.1064366773418658,Pz,AP_e
chan_11_exponent1,240,0.1243042632218672,Pz,AP_e
chan_11_exponent1,241,-0.026869558307077,Pz,AP_e
chan_11_alpha0,201,-0.3498839338731547,Pz,α_f
chan_11_alpha0,202,0.0208421757939017,Pz,α_f
chan_11_alpha0,203,-0.8370503170596003,Pz,α_f
chan_11_alpha0,204,-0.6341736301991343,Pz,α_f
chan_11_alpha0,205,-0.487320174940766,Pz,α_f
chan_11_alpha0,206,-0.288664661471186,Pz,α_f
chan_11_alpha0,207,0.4420497057984944,Pz,α_f
chan_11_alpha0,208,0.0344583830839998,Pz,α_f
chan_11_alpha0,209,0.0609583140660595,Pz,α_f
chan_11_alpha0,210,-1.0851817873070324,Pz,α_f
chan_11_alpha0,211,0.8168747044239439,Pz,α_f
chan_11_alpha0,212,0.8202315798986115,Pz,α_f
chan_11_alpha0,213,-0.299132926169368,Pz,α_f
chan_11_alpha0,214,0.3253659704910314,Pz,α_f
chan_11_alpha0,215,0.3699317389946559,Pz,α_f
chan_11_alpha0,216,0.1733279620355733,Pz,α_f
chan_11_alpha0,217,-0.9129986432295673,Pz,α_f
chan_11_alpha0,218,-0.7397708507789905,Pz,α_f
chan_11_alpha0,219,-0.0772951091304483,Pz,α_f
chan_11_alpha0,220,-2.0279166209281128,Pz,α_f
chan_11_alpha0,221,-1.5299265513760605,Pz,α_f
chan_11_alpha0,222,0.0517582842055706,Pz,α_f
chan_11_alpha0,223,0.1820560180986264,Pz,α_f
chan_11_alpha0,224,-0.386436431384803,Pz,α_f
chan_11_alpha0,225,-0.1447597593541007,Pz,α_f
chan_11_alpha0,226,-0.8266921761547588,Pz,α_f
chan_11_alpha0,227,-0.8870539166733649,Pz,α_f
chan_11_alpha0,228,0.1897099836464558,Pz,α_f
chan_11_alpha0,229,-0.7252745208374618,Pz,α_f
chan_11_alpha0,230,-1.0194146199880805,Pz,α_f
chan_11_alpha0,232,-0.3010537297230084,Pz,α_f
chan_11_alpha0,233,-0.9188715844567066,Pz,α_f
chan_11_alpha0,234,-0.2261456509199632,Pz,α_f
chan_11_alpha0,235,-0.0131715870269151,Pz,α_f
chan_11_alpha0,236,1.1484278093294131,Pz,α_f
chan_11_alpha0,237,0.4173893120462177,Pz,α_f
chan_11_alpha0,238,-0.0705915936942071,Pz,α_f
chan_11_alpha0,239,-0.51356695598297,Pz,α_f
chan_11_alpha0,240,-0.3305588236773222,Pz,α_f
chan_11_alpha0,241,0.4272301585330096,Pz,α_f
chan_11_alpha1,201,-0.0757632865926531,Pz,α_pw
chan_11_alpha1,202,-0.0014801071316625,Pz,α_pw
chan_11_alpha1,203,-0.1116792582801993,Pz,α_pw
chan_11_alpha1,204,-0.0999312442126904,Pz,α_pw
chan_11_alpha1,205,-0.061850371924508,Pz,α_pw
chan_11_alpha1,206,-0.0667109736659369,Pz,α_pw
chan_11_alpha1,207,0.1817349232526978,Pz,α_pw
chan_11_alpha1,208,0.0118297019574018,Pz,α_pw
chan_11_alpha1,209,-0.0289735538634929,Pz,α_pw
chan_11_alpha1,210,-0.1475739493462439,Pz,α_pw
chan_11_alpha1,211,0.1433970555724974,Pz,α_pw
chan_11_alpha1,212,0.1052424467305758,Pz,α_pw
chan_11_alpha1,213,-0.0456932806117276,Pz,α_pw
chan_11_alpha1,214,0.2270553748342081,Pz,α_pw
chan_11_alpha1,215,0.1241813773883213,Pz,α_pw
chan_11_alpha1,216,-0.0043532926558491,Pz,α_pw
chan_11_alpha1,217,-0.1659657162248543,Pz,α_pw
chan_11_alpha1,218,-0.1269036399160472,Pz,α_pw
chan_11_alpha1,219,-0.0076991798330317,Pz,α_pw
chan_11_alpha1,220,-0.3146748262322333,Pz,α_pw
chan_11_alpha1,221,-0.3240899448290805,Pz,α_pw
chan_11_alpha1,222,0.0181725831856321,Pz,α_pw
chan_11_alpha1,223,0.0633059273146972,Pz,α_pw
chan_11_alpha1,224,-0.0577395117336727,Pz,α_pw
chan_11_alpha1,225,-0.0110116676847794,Pz,α_pw
chan_11_alpha1,226,-0.1061945774043714,Pz,α_pw
chan_11_alpha1,227,-0.1558326077095647,Pz,α_pw
chan_11_alpha1,228,-0.0636760922001716,Pz,α_pw
chan_11_alpha1,229,-0.0777752712084381,Pz,α_pw
chan_11_alpha1,230,-0.1382742975752268,Pz,α_pw
chan_11_alpha1,232,-0.0249756878674047,Pz,α_pw
chan_11_alpha1,233,-0.1561772789703572,Pz,α_pw
chan_11_alpha1,234,-0.0130462388409929,Pz,α_pw
chan_11_alpha1,235,-0.0053022178998007,Pz,α_pw
chan_11_alpha1,236,0.1939813196388605,Pz,α_pw
chan_11_alpha1,237,0.0793985353934786,Pz,α_pw
chan_11_alpha1,238,-0.0165305473150161,Pz,α_pw
chan_11_alpha1,239,-0.0571280654422438,Pz,α_pw
chan_11_alpha1,240,-0.0342094408724708,Pz,α_pw
chan_11_alpha1,241,0.1268423403262997,Pz,α_pw
chan_12_exponent0,201,-0.088245851423786,P3,AP_o
chan_12_exponent0,202,0.0172776017290502,P3,AP_o
chan_12_exponent0,203,-0.0120627946699811,P3,AP_o
chan_12_exponent0,204,0.1190948903557629,P3,AP_o
chan_12_exponent0,205,0.0800160679429903,P3,AP_o
chan_12_exponent0,206,-0.0987936040545835,P3,AP_o
chan_12_exponent0,207,-0.1281020801399688,P3,AP_o
chan_12_exponent0,208,-0.1730547217724687,P3,AP_o
chan_12_exponent0,209,0.1420680686682735,P3,AP_o
chan_12_exponent0,210,0.1983949680687353,P3,AP_o
chan_12_exponent0,211,-0.0637136799362525,P3,AP_o
chan_12_exponent0,212,-0.1127117942270425,P3,AP_o
chan_12_exponent0,213,0.0213780800234723,P3,AP_o
chan_12_exponent0,214,0.0234801433816198,P3,AP_o
chan_12_exponent0,215,-0.0054102633396722,P3,AP_o
chan_12_exponent0,216,0.0531302158913731,P3,AP_o
chan_12_exponent0,217,0.0551835630332024,P3,AP_o
chan_12_exponent0,218,-0.0952271282901419,P3,AP_o
chan_12_exponent0,219,-0.0026729022552356,P3,AP_o
chan_12_exponent0,220,0.1606403055199148,P3,AP_o
chan_12_exponent0,221,0.0699187805159749,P3,AP_o
chan_12_exponent0,222,0.0462759766983729,P3,AP_o
chan_12_exponent0,223,0.0953004419860743,P3,AP_o
chan_12_exponent0,224,-0.0049620621680223,P3,AP_o
chan_12_exponent0,225,-0.0184694514458518,P3,AP_o
chan_12_exponent0,226,0.0419393246960989,P3,AP_o
chan_12_exponent0,227,0.1401916876049403,P3,AP_o
chan_12_exponent0,228,0.1405710593500183,P3,AP_o
chan_12_exponent0,229,0.183389462805092,P3,AP_o
chan_12_exponent0,230,0.1300930884209312,P3,AP_o
chan_12_exponent0,232,0.0716459311293992,P3,AP_o
chan_12_exponent0,233,0.0306818844522024,P3,AP_o
chan_12_exponent0,234,-0.0171275851666122,P3,AP_o
chan_12_exponent0,235,-0.0296013439193848,P3,AP_o
chan_12_exponent0,236,-0.0174465553316377,P3,AP_o
chan_12_exponent0,237,0.0717882413451871,P3,AP_o
chan_12_exponent0,238,-0.1495561948174607,P3,AP_o
chan_12_exponent0,239,0.0861339966219851,P3,AP_o
chan_12_exponent0,240,0.1602681578591443,P3,AP_o
chan_12_exponent0,241,-0.1608765598929208,P3,AP_o
chan_12_exponent1,201,0.0012863992731369,P3,AP_e
chan_12_exponent1,202,0.0323465279187648,P3,AP_e
chan_12_exponent1,203,0.0440343586620992,P3,AP_e
chan_12_exponent1,204,0.1149253513294367,P3,AP_e
chan_12_exponent1,205,0.0756601847736775,P3,AP_e
chan_12_exponent1,206,-0.0376633464341816,P3,AP_e
chan_12_exponent1,207,-0.0260954641129459,P3,AP_e
chan_12_exponent1,208,-0.0423784962032681,P3,AP_e
chan_12_exponent1,209,0.1492467181274492,P3,AP_e
chan_12_exponent1,210,0.1547355520504826,P3,AP_e
chan_12_exponent1,211,-0.0444235537790196,P3,AP_e
chan_12_exponent1,212,-0.0004962609285283,P3,AP_e
chan_12_exponent1,213,0.0682543856526138,P3,AP_e
chan_12_exponent1,214,0.0523996199766261,P3,AP_e
chan_12_exponent1,215,0.018077232327625,P3,AP_e
chan_12_exponent1,216,0.0756279117143104,P3,AP_e
chan_12_exponent1,217,0.0600344230968003,P3,AP_e
chan_12_exponent1,218,-0.0372190108644029,P3,AP_e
chan_12_exponent1,219,0.0303309570555986,P3,AP_e
chan_12_exponent1,220,0.1574968000174553,P3,AP_e
chan_12_exponent1,221,0.1561583722172509,P3,AP_e
chan_12_exponent1,222,0.0513231749243197,P3,AP_e
chan_12_exponent1,223,0.0743787654666616,P3,AP_e
chan_12_exponent1,224,0.0359638120641279,P3,AP_e
chan_12_exponent1,225,0.0154080813768087,P3,AP_e
chan_12_exponent1,226,0.0653881444872563,P3,AP_e
chan_12_exponent1,227,0.1312283481714007,P3,AP_e
chan_12_exponent1,228,0.1348918675988907,P3,AP_e
chan_12_exponent1,229,0.162200632720445,P3,AP_e
chan_12_exponent1,230,0.1118681037886272,P3,AP_e
chan_12_exponent1,232,0.0873669136093989,P3,AP_e
chan_12_exponent1,233,0.0596972035845808,P3,AP_e
chan_12_exponent1,234,0.0025864994081813,P3,AP_e
chan_12_exponent1,235,0.0092067112180882,P3,AP_e
chan_12_exponent1,236,0.0205606963402668,P3,AP_e
chan_12_exponent1,237,0.0479590333653051,P3,AP_e
chan_12_exponent1,238,-0.0848093581814335,P3,AP_e
chan_12_exponent1,239,0.0905439358172226,P3,AP_e
chan_12_exponent1,240,0.1627219894244177,P3,AP_e
chan_12_exponent1,241,-0.0437601439045604,P3,AP_e
chan_13_exponent0,201,-0.0892930660217896,P7,AP_o
chan_13_exponent0,202,0.037366277760276,P7,AP_o
chan_13_exponent0,203,0.036177491146697,P7,AP_o
chan_13_exponent0,204,0.0352793179456824,P7,AP_o
chan_13_exponent0,205,-0.1156174181164553,P7,AP_o
chan_13_exponent0,206,-0.0516225362845806,P7,AP_o
chan_13_exponent0,207,-0.0135986515295659,P7,AP_o
chan_13_exponent0,208,-0.1242394726188892,P7,AP_o
chan_13_exponent0,209,0.021676162128403,P7,AP_o
chan_13_exponent0,210,0.0856792859914234,P7,AP_o
chan_13_exponent0,211,-0.199766514983086,P7,AP_o
chan_13_exponent0,212,-0.064191310251578,P7,AP_o
chan_13_exponent0,213,-0.0598163717254557,P7,AP_o
chan_13_exponent0,214,-0.0230998256759648,P7,AP_o
chan_13_exponent0,215,-0.1714296234061183,P7,AP_o
chan_13_exponent0,216,0.0116514599863096,P7,AP_o
chan_13_exponent0,217,-0.0552482638150421,P7,AP_o
chan_13_exponent0,218,-0.0857486340743932,P7,AP_o
chan_13_exponent0,219,-0.0747045228028153,P7,AP_o
chan_13_exponent0,220,0.0575693441965574,P7,AP_o
chan_13_exponent0,221,-0.2008805455231452,P7,AP_o
chan_13_exponent0,222,0.0071164557479431,P7,AP_o
chan_13_exponent0,223,-0.0316412301915514,P7,AP_o
chan_13_exponent0,224,-0.0277012591107444,P7,AP_o
chan_13_exponent0,225,-0.0512432786806626,P7,AP_o
chan_13_exponent0,226,0.0359056509396049,P7,AP_o
chan_13_exponent0,227,0.0718140355648795,P7,AP_o
chan_13_exponent0,228,-0.0375467750280896,P7,AP_o
chan_13_exponent0,229,0.1187281076583834,P7,AP_o
chan_13_exponent0,230,-0.1109275675776132,P7,AP_o
chan_13_exponent0,232,-0.0713355982013522,P7,AP_o
chan_13_exponent0,233,0.0007679983475448,P7,AP_o
chan_13_exponent0,234,-0.0368549262435226,P7,AP_o
chan_13_exponent0,235,-0.0504271059207313,P7,AP_o
chan_13_exponent0,236,-0.0339438058565065,P7,AP_o
chan_13_exponent0,237,0.0617220318060985,P7,AP_o
chan_13_exponent0,238,-0.1245672356945154,P7,AP_o
chan_13_exponent0,239,0.0356891229569863,P7,AP_o
chan_13_exponent0,240,0.0298918329486242,P7,AP_o
chan_13_exponent0,241,-0.1058539237781697,P7,AP_o
chan_13_alpha0,201,-0.9610689956039024,P7,α_f
chan_13_alpha0,202,-0.8428443947101922,P7,α_f
chan_13_alpha0,203,-0.4983029531033989,P7,α_f
chan_13_alpha0,204,-0.3033099121680677,P7,α_f
chan_13_alpha0,205,0.26776176393111,P7,α_f
chan_13_alpha0,206,-1.1950584100688006,P7,α_f
chan_13_alpha0,207,-0.757636623813571,P7,α_f
chan_13_alpha0,208,-1.0271411506540882,P7,α_f
chan_13_alpha0,209,-1.3591687728496322,P7,α_f
chan_13_alpha0,210,-0.6804106646847818,P7,α_f
chan_13_alpha0,211,0.7519463570228414,P7,α_f
chan_13_alpha0,212,0.1336436743914986,P7,α_f
chan_13_alpha0,213,0.0736229020060015,P7,α_f
chan_13_alpha0,214,0.1699756825966163,P7,α_f
chan_13_alpha0,215,-0.5691474751586784,P7,α_f
chan_13_alpha0,216,-0.7405186335243924,P7,α_f
chan_13_alpha0,217,-1.2018297031435985,P7,α_f
chan_13_alpha0,218,-1.038972918376837,P7,α_f
chan_13_alpha0,219,-0.9647483900593944,P7,α_f
chan_13_alpha0,220,-1.7534790012913,P7,α_f
chan_13_alpha0,221,-3.013467749074534,P7,α_f
chan_13_alpha0,222,-0.7188368034936398,P7,α_f
chan_13_alpha0,223,-0.5461061568548807,P7,α_f
chan_13_alpha0,224,-1.5136153064611897,P7,α_f
chan_13_alpha0,225,-0.4908670994614748,P7,α_f
chan_13_alpha0,226,-1.1984992796954823,P7,α_f
chan_13_alpha0,227,-1.246938911909357,P7,α_f
chan_13_alpha0,228,-0.109652722386018,P7,α_f
chan_13_alpha0,229,-0.8186837404572915,P7,α_f
chan_13_alpha0,230,-1.1659280544077972,P7,α_f
chan_13_alpha0,232,-0.4386670829170001,P7,α_f
chan_13_alpha0,233,-1.1719581689146927,P7,α_f
chan_13_alpha0,234,-0.4077381009760792,P7,α_f
chan_13_alpha0,235,-0.2077692669082681,P7,α_f
chan_13_alpha0,236,-0.3857377198165386,P7,α_f
chan_13_alpha0,237,-0.6633888284118176,P7,α_f
chan_13_alpha0,238,-0.6253949496198576,P7,α_f
chan_13_alpha0,239,-0.3157804566765696,P7,α_f
chan_13_alpha0,240,-0.4851128971570954,P7,α_f
chan_13_alpha0,241,-1.8650248595571053,P7,α_f
chan_13_alpha1,201,-0.2056928088437118,P7,α_pw
chan_13_alpha1,202,-0.1186548282081066,P7,α_pw
chan_13_alpha1,203,-0.0715048579828528,P7,α_pw
chan_13_alpha1,204,-0.0764423073624209,P7,α_pw
chan_13_alpha1,205,0.0178476006644247,P7,α_pw
chan_13_alpha1,206,-0.2152100559404874,P7,α_pw
chan_13_alpha1,207,-0.1583192524324441,P7,α_pw
chan_13_alpha1,208,-0.2614522773465061,P7,α_pw
chan_13_alpha1,209,-0.2526170404062486,P7,α_pw
chan_13_alpha1,210,-0.0889662709713583,P7,α_pw
chan_13_alpha1,211,0.1032198610190453,P7,α_pw
chan_13_alpha1,212,-0.029488735723699,P7,α_pw
chan_13_alpha1,213,-0.0099196424301784,P7,α_pw
chan_13_alpha1,214,0.0183700472326708,P7,α_pw
chan_13_alpha1,215,-0.1290027602349884,P7,α_pw
chan_13_alpha1,216,-0.1219609756768511,P7,α_pw
chan_13_alpha1,217,-0.1938765287192375,P7,α_pw
chan_13_alpha1,218,-0.1520579222333422,P7,α_pw
chan_13_alpha1,219,-0.1017863300002927,P7,α_pw
chan_13_alpha1,220,-0.2112601205111435,P7,α_pw
chan_13_alpha1,221,-0.4631411692099927,P7,α_pw
chan_13_alpha1,222,-0.0715411849070433,P7,α_pw
chan_13_alpha1,223,-0.1244158085701844,P7,α_pw
chan_13_alpha1,224,-0.2045637594844409,P7,α_pw
chan_13_alpha1,225,-0.113272240456769,P7,α_pw
chan_13_alpha1,226,-0.1728442944767711,P7,α_pw
chan_13_alpha1,227,-0.1874283711620265,P7,α_pw
chan_13_alpha1,228,-0.0514045562751982,P7,α_pw
chan_13_alpha1,229,-0.0908660944285425,P7,α_pw
chan_13_alpha1,230,-0.1342764311055954,P7,α_pw
chan_13_alpha1,232,-0.041521028326792,P7,α_pw
chan_13_alpha1,233,-0.1636165049211619,P7,α_pw
chan_13_alpha1,234,-0.0491447171957283,P7,α_pw
chan_13_alpha1,235,-0.0188424963065095,P7,α_pw
chan_13_alpha1,236,-0.0575136394537361,P7,α_pw
chan_13_alpha1,237,-0.0796742452888761,P7,α_pw
chan_13_alpha1,238,-0.1208792579807984,P7,α_pw
chan_13_alpha1,239,-0.0465220092930946,P7,α_pw
chan_13_alpha1,240,-0.0480777635014612,P7,α_pw
chan_13_alpha1,241,-0.2555127950419806,P7,α_pw
chan_13_beta0,201,0.3204639195681167,P7,β_f
chan_13_beta0,202,-1.1282737912309664,P7,β_f
chan_13_beta0,203,0.8167572021863942,P7,β_f
chan_13_beta0,204,-0.377157854583916,P7,β_f
chan_13_beta0,205,-0.7635684442350146,P7,β_f
chan_13_beta0,206,1.6149623468667336,P7,β_f
chan_13_beta0,207,-0.0010054588400291,P7,β_f
chan_13_beta0,208,-0.3449817542364278,P7,β_f
chan_13_beta0,209,-0.4324605253195863,P7,β_f
chan_13_beta0,210,0.3954346746101521,P7,β_f
chan_13_beta0,211,-0.5412199694669485,P7,β_f
chan_13_beta0,212,-0.1631315939908079,P7,β_f
chan_13_beta0,213,1.169318111948175,P7,β_f
chan_13_beta0,214,-1.0982286041636196,P7,β_f
chan_13_beta0,215,0.2149795259399822,P7,β_f
chan_13_beta0,216,-0.1789079578705413,P7,β_f
chan_13_beta0,217,0.7079946384130722,P7,β_f
chan_13_beta0,218,0.8735832661256268,P7,β_f
chan_13_beta0,219,0.123126143661595,P7,β_f
chan_13_beta0,220,1.4622439731730323,P7,β_f
chan_13_beta0,221,-0.4230153846962177,P7,β_f
chan_13_beta0,222,0.2930713726322208,P7,β_f
chan_13_beta0,223,0.2180725188798592,P7,β_f
chan_13_beta0,224,1.1447013111685738,P7,β_f
chan_13_beta0,225,0.5260846378736475,P7,β_f
chan_13_beta0,226,0.6798007721845111,P7,β_f
chan_13_beta0,227,0.2337054335938845,P7,β_f
chan_13_beta0,228,-0.1382892265543646,P7,β_f
chan_13_beta0,229,0.4994367128144054,P7,β_f
chan_13_beta0,230,0.0098854712528551,P7,β_f
chan_13_beta0,232,0.3480650583786915,P7,β_f
chan_13_beta0,233,0.2808830994143998,P7,β_f
chan_13_beta0,234,-0.4738210947552627,P7,β_f
chan_13_beta0,235,-0.0076449842335243,P7,β_f
chan_13_beta0,236,0.0176320729256167,P7,β_f
chan_13_beta0,237,0.2733623511344013,P7,β_f
chan_13_beta0,238,0.779589819456525,P7,β_f
chan_13_beta0,239,0.0548896731600476,P7,β_f
chan_13_beta0,240,-0.9915349781099916,P7,β_f
chan_13_beta0,241,0.2900114959764693,P7,β_f
chan_13_beta1,201,0.0116603726726871,P7,β_pw
chan_13_beta1,202,-0.1507279610005543,P7,β_pw
chan_13_beta1,203,0.0339253926708459,P7,β_pw
chan_13_beta1,204,-0.0275008018901588,P7,β_pw
chan_13_beta1,205,-0.0635987926797968,P7,β_pw
chan_13_beta1,206,0.0554317231344676,P7,β_pw
chan_13_beta1,207,-0.0672843205842095,P7,β_pw
chan_13_beta1,208,-0.0631164928301346,P7,β_pw
chan_13_beta1,209,-0.080180352123436,P7,β_pw
chan_13_beta1,210,-0.0295504066058153,P7,β_pw
chan_13_beta1,211,-0.020406354396568,P7,β_pw
chan_13_beta1,212,-0.1027279826826026,P7,β_pw
chan_13_beta1,213,0.0479649461819329,P7,β_pw
chan_13_beta1,214,-0.1447115559212032,P7,β_pw
chan_13_beta1,215,0.0131307309698114,P7,β_pw
chan_13_beta1,216,-0.0668666871016064,P7,β_pw
chan_13_beta1,217,0.001074431999521,P7,β_pw
chan_13_beta1,218,0.0005616477355833,P7,β_pw
chan_13_beta1,219,-0.0266076112276633,P7,β_pw
chan_13_beta1,220,0.0414496425583054,P7,β_pw
chan_13_beta1,221,-0.0793989812390381,P7,β_pw
chan_13_beta1,222,0.0135709123128653,P7,β_pw
chan_13_beta1,223,-0.0471351207012537,P7,β_pw
chan_13_beta1,224,-0.0703604176377994,P7,β_pw
chan_13_beta1,225,0.0088265132298673,P7,β_pw
chan_13_beta1,226,0.0280076371755831,P7,β_pw
chan_13_beta1,227,-0.0237390514616898,P7,β_pw
chan_13_beta1,228,0.0005876461947473,P7,β_pw
chan_13_beta1,229,0.0069449012545685,P7,β_pw
chan_13_beta1,230,-0.0173004656123388,P7,β_pw
chan_13_beta1,232,0.0179635773852068,P7,β_pw
chan_13_beta1,233,0.0202549293944206,P7,β_pw
chan_13_beta1,234,-0.018780546920276,P7,β_pw
chan_13_beta1,235,0.0198088788147205,P7,β_pw
chan_13_beta1,236,-0.0148616431250363,P7,β_pw
chan_13_beta1,237,-0.0078200856050612,P7,β_pw
chan_13_beta1,238,0.0162078914097381,P7,β_pw
chan_13_beta1,239,-0.0268562324766783,P7,β_pw
chan_13_beta1,240,-0.0744061875694167,P7,β_pw
chan_13_beta1,241,-0.0028771933260538,P7,β_pw
chan_14_exponent0,201,-0.0918103540605301,O1,AP_o
chan_14_exponent0,202,0.1006737270172207,O1,AP_o
chan_14_exponent0,203,0.0126067436667173,O1,AP_o
chan_14_exponent0,204,0.0520655921384602,O1,AP_o
chan_14_exponent0,205,0.0045956071047965,O1,AP_o
chan_14_exponent0,206,-0.2275251063892448,O1,AP_o
chan_14_exponent0,207,0.0059613879465238,O1,AP_o
chan_14_exponent0,208,-0.1245153585551547,O1,AP_o
chan_14_exponent0,209,0.2615533060554194,O1,AP_o
chan_14_exponent0,210,0.1431828820500393,O1,AP_o
chan_14_exponent0,211,-0.1265315501656672,O1,AP_o
chan_14_exponent0,212,0.0867721851290343,O1,AP_o
chan_14_exponent0,213,-0.0178696381885375,O1,AP_o
chan_14_exponent0,214,0.0089461735588754,O1,AP_o
chan_14_exponent0,215,-0.1736675125418759,O1,AP_o
chan_14_exponent0,216,-0.0458777732476458,O1,AP_o
chan_14_exponent0,217,0.1098539603881905,O1,AP_o
chan_14_exponent0,218,-0.1046420508266084,O1,AP_o
chan_14_exponent0,219,-0.0231385453335114,O1,AP_o
chan_14_exponent0,220,0.1640551781123566,O1,AP_o
chan_14_exponent0,221,-0.0431933225522554,O1,AP_o
chan_14_exponent0,222,0.0693589854974037,O1,AP_o
chan_14_exponent0,223,-0.0206049898190228,O1,AP_o
chan_14_exponent0,224,-0.1014441130971471,O1,AP_o
chan_14_exponent0,225,0.0099586404041898,O1,AP_o
chan_14_exponent0,226,0.092018605992921,O1,AP_o
chan_14_exponent0,227,0.1231057163066511,O1,AP_o
chan_14_exponent0,228,-0.0570347069329157,O1,AP_o
chan_14_exponent0,229,0.0374703626591397,O1,AP_o
chan_14_exponent0,230,-0.0444832810031817,O1,AP_o
chan_14_exponent0,232,-0.0342316480316643,O1,AP_o
chan_14_exponent0,233,0.0611920731472835,O1,AP_o
chan_14_exponent0,234,0.0028001887217675,O1,AP_o
chan_14_exponent0,235,-0.0606498615142008,O1,AP_o
chan_14_exponent0,236,0.0179778384935254,O1,AP_o
chan_14_exponent0,237,-0.0017086793927504,O1,AP_o
chan_14_exponent0,238,-0.2788727397465741,O1,AP_o
chan_14_exponent0,239,-0.1073954654906228,O1,AP_o
chan_14_exponent0,240,0.0681323352733537,O1,AP_o
chan_14_exponent0,241,-0.2378686460283206,O1,AP_o
chan_14_alpha0,201,-1.538854804087419,O1,α_f
chan_14_alpha0,202,0.0674661606947012,O1,α_f
chan_14_alpha0,203,-0.7410833069938955,O1,α_f
chan_14_alpha0,204,-1.308955034040208,O1,α_f
chan_14_alpha0,205,-0.507226120519746,O1,α_f
chan_14_alpha0,206,-1.879973329904268,O1,α_f
chan_14_alpha0,207,-1.3668222790006808,O1,α_f
chan_14_alpha0,208,-0.6119275547927752,O1,α_f
chan_14_alpha0,209,-2.014820218508921,O1,α_f
chan_14_alpha0,210,-0.8813680641314361,O1,α_f
chan_14_alpha0,211,0.4443384425997951,O1,α_f
chan_14_alpha0,212,-0.6066926430548656,O1,α_f
chan_14_alpha0,213,-0.5000226454974434,O1,α_f
chan_14_alpha0,214,0.364499148617054,O1,α_f
chan_14_alpha0,215,-0.0538192214591339,O1,α_f
chan_14_alpha0,216,0.0615119006371795,O1,α_f
chan_14_alpha0,217,-1.825270150699429,O1,α_f
chan_14_alpha0,218,-0.7183507725925035,O1,α_f
chan_14_alpha0,219,-0.881762381803374,O1,α_f
chan_14_alpha0,220,-2.0773482050147627,O1,α_f
chan_14_alpha0,221,-3.907088792649717,O1,α_f
chan_14_alpha0,222,-0.3402464956295503,O1,α_f
chan_14_alpha0,223,-0.4871373998100623,O1,α_f
chan_14_alpha0,224,-0.6460183637399255,O1,α_f
chan_14_alpha0,225,-0.3794963321281324,O1,α_f
chan_14_alpha0,226,-0.3863864043458621,O1,α_f
chan_14_alpha0,227,-1.6479421493092354,O1,α_f
chan_14_alpha0,228,0.2014061681482027,O1,α_f
chan_14_alpha0,229,-1.587290200648079,O1,α_f
chan_14_alpha0,230,-1.479894375235685,O1,α_f
chan_14_alpha0,232,-0.0714964493725011,O1,α_f
chan_14_alpha0,233,-2.639085854404533,O1,α_f
chan_14_alpha0,234,-0.7496608711336001,O1,α_f
chan_14_alpha0,235,-0.006846668264287,O1,α_f
chan_14_alpha0,236,-0.8228154404123568,O1,α_f
chan_14_alpha0,237,-0.7961057586521383,O1,α_f
chan_14_alpha0,238,-0.8019372460145121,O1,α_f
chan_14_alpha0,239,-1.549125862445548,O1,α_f
chan_14_alpha0,240,-0.5266741022174964,O1,α_f
chan_14_alpha0,241,-2.7049107641849925,O1,α_f
chan_14_alpha1,201,-0.3651450829581798,O1,α_pw
chan_14_alpha1,202,-0.0122169396953488,O1,α_pw
chan_14_alpha1,203,-0.0902311757743674,O1,α_pw
chan_14_alpha1,204,-0.2876456545623289,O1,α_pw
chan_14_alpha1,205,-0.0558428713435238,O1,α_pw
chan_14_alpha1,206,-0.3054210804859339,O1,α_pw
chan_14_alpha1,207,-0.2872353758554531,O1,α_pw
chan_14_alpha1,208,-0.1446807088589353,O1,α_pw
chan_14_alpha1,209,-0.3993982692693051,O1,α_pw
chan_14_alpha1,210,-0.1302001871076075,O1,α_pw
chan_14_alpha1,211,0.064753129032345,O1,α_pw
chan_14_alpha1,212,-0.1285149588907687,O1,α_pw
chan_14_alpha1,213,-0.0695640027922543,O1,α_pw
chan_14_alpha1,214,0.1711800232800115,O1,α_pw
chan_14_alpha1,215,-0.0251323698454362,O1,α_pw
chan_14_alpha1,216,-0.016518343218777,O1,α_pw
chan_14_alpha1,217,-0.2982074935611038,O1,α_pw
chan_14_alpha1,218,-0.1153534292327779,O1,α_pw
chan_14_alpha1,219,-0.1035522523092657,O1,α_pw
chan_14_alpha1,220,-0.2989716364730203,O1,α_pw
chan_14_alpha1,221,-0.5977879538984521,O1,α_pw
chan_14_alpha1,222,-0.0468426689452174,O1,α_pw
chan_14_alpha1,223,-0.0861739771061176,O1,α_pw
chan_14_alpha1,224,-0.1070364201077343,O1,α_pw
chan_14_alpha1,225,-0.0942157502577842,O1,α_pw
chan_14_alpha1,226,-0.0923801544594339,O1,α_pw
chan_14_alpha1,227,-0.2120197482938202,O1,α_pw
chan_14_alpha1,228,0.0373099959677152,O1,α_pw
chan_14_alpha1,229,-0.1810600931139012,O1,α_pw
chan_14_alpha1,230,-0.199126841396291,O1,α_pw
chan_14_alpha1,232,-0.0090701945988777,O1,α_pw
chan_14_alpha1,233,-0.3456395124244102,O1,α_pw
chan_14_alpha1,234,-0.0938512776564071,O1,α_pw
chan_14_alpha1,235,-0.0052693936072221,O1,α_pw
chan_14_alpha1,236,-0.1059991571305503,O1,α_pw
chan_14_alpha1,237,-0.087228160497123,O1,α_pw
chan_14_alpha1,238,-0.1259059117397189,O1,α_pw
chan_14_alpha1,239,-0.1753316174883251,O1,α_pw
chan_14_alpha1,240,-0.0447335243142074,O1,α_pw
chan_14_alpha1,241,-0.4991700602345507,O1,α_pw
chan_15_exponent0,201,-0.0639235541042595,Oz,AP_o
chan_15_exponent0,202,-0.0227224863318471,Oz,AP_o
chan_15_exponent0,203,-0.0133635514693245,Oz,AP_o
chan_15_exponent0,204,0.0328006242647857,Oz,AP_o
chan_15_exponent0,205,-0.0462754851547386,Oz,AP_o
chan_15_exponent0,206,-0.1781263327461223,Oz,AP_o
chan_15_exponent0,207,0.0087788803594062,Oz,AP_o
chan_15_exponent0,208,-0.1086502508223256,Oz,AP_o
chan_15_exponent0,209,0.3415205103256629,Oz,AP_o
chan_15_exponent0,210,0.0390011958586603,Oz,AP_o
chan_15_exponent0,211,-0.0813540984181542,Oz,AP_o
chan_15_exponent0,212,0.0718715309476085,Oz,AP_o
chan_15_exponent0,213,-0.0698902817886192,Oz,AP_o
chan_15_exponent0,214,-0.0211461517849173,Oz,AP_o
chan_15_exponent0,215,-0.1576735105101418,Oz,AP_o
chan_15_exponent0,216,-0.0027826318258471,Oz,AP_o
chan_15_exponent0,217,0.1517444990711469,Oz,AP_o
chan_15_exponent0,218,-0.1677990315848915,Oz,AP_o
chan_15_exponent0,219,0.0381370517418079,Oz,AP_o
chan_15_exponent0,220,0.1896082848089908,Oz,AP_o
chan_15_exponent0,221,-0.0548371066816215,Oz,AP_o
chan_15_exponent0,222,0.0423905133326767,Oz,AP_o
chan_15_exponent0,223,0.0224145470491862,Oz,AP_o
chan_15_exponent0,224,-0.0305196689163886,Oz,AP_o
chan_15_exponent0,225,-0.1181795143067338,Oz,AP_o
chan_15_exponent0,226,0.1146751680607298,Oz,AP_o
chan_15_exponent0,227,0.0381354100853365,Oz,AP_o
chan_15_exponent0,228,-0.0284983668652182,Oz,AP_o
chan_15_exponent0,229,0.0661084744986256,Oz,AP_o
chan_15_exponent0,230,-0.0130476929955344,Oz,AP_o
chan_15_exponent0,232,-0.0064176005482635,Oz,AP_o
chan_15_exponent0,233,0.1063361013349917,Oz,AP_o
chan_15_exponent0,234,-0.0305323686449328,Oz,AP_o
chan_15_exponent0,235,-0.0858629505533905,Oz,AP_o
chan_15_exponent0,236,0.1118357183399546,Oz,AP_o
chan_15_exponent0,237,0.0223998897930917,Oz,AP_o
chan_15_exponent0,238,-0.174157759677839,Oz,AP_o
chan_15_exponent0,239,-0.0703776006811573,Oz,AP_o
chan_15_exponent0,240,-0.0070342072027271,Oz,AP_o
chan_15_exponent0,241,-0.1643469243028966,Oz,AP_o
chan_15_exponent1,201,0.0081670704168614,Oz,AP_e
chan_15_exponent1,202,-0.0180547925458166,Oz,AP_e
chan_15_exponent1,203,0.0248959898249229,Oz,AP_e
chan_15_exponent1,204,0.0503817860351525,Oz,AP_e
chan_15_exponent1,205,0.015815602175471,Oz,AP_e
chan_15_exponent1,206,-0.1087778385497141,Oz,AP_e
chan_15_exponent1,207,0.0333963015729083,Oz,AP_e
chan_15_exponent1,208,0.02527270201244,Oz,AP_e
chan_15_exponent1,209,0.2957360705822963,Oz,AP_e
chan_15_exponent1,210,0.0749478904143725,Oz,AP_e
chan_15_exponent1,211,-0.0427434786825891,Oz,AP_e
chan_15_exponent1,212,0.1503898291768086,Oz,AP_e
chan_15_exponent1,213,-0.0347135685943192,Oz,AP_e
chan_15_exponent1,214,-0.0021506001034997,Oz,AP_e
chan_15_exponent1,215,-0.0824284707163502,Oz,AP_e
chan_15_exponent1,216,0.0561575688671758,Oz,AP_e
chan_15_exponent1,217,0.1358697051068551,Oz,AP_e
chan_15_exponent1,218,-0.0931841785671573,Oz,AP_e
chan_15_exponent1,219,0.0560889650206,Oz,AP_e
chan_15_exponent1,220,0.1632781493742813,Oz,AP_e
chan_15_exponent1,221,0.0557189937417417,Oz,AP_e
chan_15_exponent1,222,0.0477787483839946,Oz,AP_e
chan_15_exponent1,223,0.0598105761874263,Oz,AP_e
chan_15_exponent1,224,-0.0045404628850197,Oz,AP_e
chan_15_exponent1,225,-0.0560122822114103,Oz,AP_e
chan_15_exponent1,226,0.1187878269780895,Oz,AP_e
chan_15_exponent1,227,0.0554385531458768,Oz,AP_e
chan_15_exponent1,228,-0.0012025718561482,Oz,AP_e
chan_15_exponent1,229,0.0917798506472644,Oz,AP_e
chan_15_exponent1,230,0.031938359945896,Oz,AP_e
chan_15_exponent1,232,0.0191674213827607,Oz,AP_e
chan_15_exponent1,233,0.0920109007000392,Oz,AP_e
chan_15_exponent1,234,0.013501919083886,Oz,AP_e
chan_15_exponent1,235,-0.0429445559199547,Oz,AP_e
chan_15_exponent1,236,0.1107895147796472,Oz,AP_e
chan_15_exponent1,237,0.0435735789979344,Oz,AP_e
chan_15_exponent1,238,-0.1176284451774592,Oz,AP_e
chan_15_exponent1,239,-0.0428584720930416,Oz,AP_e
chan_15_exponent1,240,0.0107147020796954,Oz,AP_e
chan_15_exponent1,241,-0.0370439624941802,Oz,AP_e
chan_15_alpha1,201,-0.3266093234803001,Oz,α_pw
chan_15_alpha1,202,-0.046712522199715,Oz,α_pw
chan_15_alpha1,203,-0.1064447216054838,Oz,α_pw
chan_15_alpha1,204,-0.238722217028741,Oz,α_pw
chan_15_alpha1,205,-0.0201969326471537,Oz,α_pw
chan_15_alpha1,206,-0.2482601870883638,Oz,α_pw
chan_15_alpha1,207,-0.1791055764766317,Oz,α_pw
chan_15_alpha1,208,-0.1600341953688414,Oz,α_pw
chan_15_alpha1,209,-0.1635575836988115,Oz,α_pw
chan_15_alpha1,210,-0.0546855033534385,Oz,α_pw
chan_15_alpha1,211,0.0522820755517018,Oz,α_pw
chan_15_alpha1,212,-0.1000650499712736,Oz,α_pw
chan_15_alpha1,213,-0.0652704610856522,Oz,α_pw
chan_15_alpha1,214,0.2758090237890814,Oz,α_pw
chan_15_alpha1,215,0.0510551390040027,Oz,α_pw
chan_15_alpha1,216,0.0592264290869634,Oz,α_pw
chan_15_alpha1,217,-0.1300988256553498,Oz,α_pw
chan_15_alpha1,218,-0.0294367222785114,Oz,α_pw
chan_15_alpha1,219,-0.0715707161390635,Oz,α_pw
chan_15_alpha1,220,-0.3049018940648172,Oz,α_pw
chan_15_alpha1,221,-0.5654308117869481,Oz,α_pw
chan_15_alpha1,222,-0.0413531511547037,Oz,α_pw
chan_15_alpha1,223,-0.1113720975866648,Oz,α_pw
chan_15_alpha1,224,-0.0881376995536484,Oz,α_pw
chan_15_alpha1,225,-0.0336379997616101,Oz,α_pw
chan_15_alpha1,226,-0.1293360488726785,Oz,α_pw
chan_15_alpha1,227,-0.1578671920224338,Oz,α_pw
chan_15_alpha1,228,0.0426062641593029,Oz,α_pw
chan_15_alpha1,229,-0.1715069036636901,Oz,α_pw
chan_15_alpha1,230,-0.1314378083332689,Oz,α_pw
chan_15_alpha1,232,0.0089396909939322,Oz,α_pw
chan_15_alpha1,233,-0.2666444657779243,Oz,α_pw
chan_15_alpha1,234,-0.0555440528408637,Oz,α_pw
chan_15_alpha1,235,-0.0170319317182237,Oz,α_pw
chan_15_alpha1,236,-0.0732644360329391,Oz,α_pw
chan_15_alpha1,237,-0.0550708473832031,Oz,α_pw
chan_15_alpha1,238,-0.2089949783523579,Oz,α_pw
chan_15_alpha1,239,-0.074322379257804,Oz,α_pw
chan_15_alpha1,240,-0.0263987038594711,Oz,α_pw
chan_15_alpha1,241,-0.5881167291307615,Oz,α_pw
chan_16_exponent0,201,-0.039084619153768,O2,AP_o
chan_16_exponent0,202,-0.1364004981671116,O2,AP_o
chan_16_exponent0,203,0.0452036467278235,O2,AP_o
chan_16_exponent0,204,0.0823812115762167,O2,AP_o
chan_16_exponent0,205,-0.0061990255206753,O2,AP_o
chan_16_exponent0,206,-0.2099132988512198,O2,AP_o
chan_16_exponent0,207,0.0007775929953607,O2,AP_o
chan_16_exponent0,208,-0.1522897921869835,O2,AP_o
chan_16_exponent0,209,0.2027740111996558,O2,AP_o
chan_16_exponent0,210,-0.0898171993719729,O2,AP_o
chan_16_exponent0,211,-0.0791922589343193,O2,AP_o
chan_16_exponent0,212,-0.0027360252648989,O2,AP_o
chan_16_exponent0,213,-0.0586928615698723,O2,AP_o
chan_16_exponent0,214,-0.0597303978870932,O2,AP_o
chan_16_exponent0,215,-0.1545522146822213,O2,AP_o
chan_16_exponent0,216,0.040556512852607,O2,AP_o
chan_16_exponent0,217,0.0510156368394877,O2,AP_o
chan_16_exponent0,218,-0.2216417503744475,O2,AP_o
chan_16_exponent0,219,0.0249473433135059,O2,AP_o
chan_16_exponent0,220,0.1311576026139617,O2,AP_o
chan_16_exponent0,221,-0.294986464335671,O2,AP_o
chan_16_exponent0,222,-0.0298485903035553,O2,AP_o
chan_16_exponent0,223,-0.0184660296899044,O2,AP_o
chan_16_exponent0,224,-0.0408191554889194,O2,AP_o
chan_16_exponent0,225,-0.212744688768758,O2,AP_o
chan_16_exponent0,226,0.1153988543194562,O2,AP_o
chan_16_exponent0,227,-0.043856699359951,O2,AP_o
chan_16_exponent0,228,-0.1183641507780835,O2,AP_o
chan_16_exponent0,229,0.2144057194349607,O2,AP_o
chan_16_exponent0,230,-0.0824043374123066,O2,AP_o
chan_16_exponent0,232,0.0017452225796547,O2,AP_o
chan_16_exponent0,233,0.1120791211786156,O2,AP_o
chan_16_exponent0,234,-0.0508671869274017,O2,AP_o
chan_16_exponent0,235,-0.0934428092619789,O2,AP_o
chan_16_exponent0,236,0.0728351952673653,O2,AP_o
chan_16_exponent0,237,-0.0853379966403179,O2,AP_o
chan_16_exponent0,238,-0.2810856166509896,O2,AP_o
chan_16_exponent0,239,-0.0810202101237267,O2,AP_o
chan_16_exponent0,240,-0.0767942438152296,O2,AP_o
chan_16_exponent0,241,-0.0556737115958385,O2,AP_o
chan_16_alpha1,201,-0.3904515704988719,O2,α_pw
chan_16_alpha1,202,-0.1478755532967473,O2,α_pw
chan_16_alpha1,203,-0.1475119385768575,O2,α_pw
chan_16_alpha1,204,-0.2914459890851834,O2,α_pw
chan_16_alpha1,205,-0.0920116210682171,O2,α_pw
chan_16_alpha1,206,-0.3334287280450628,O2,α_pw
chan_16_alpha1,207,-0.323848068694141,O2,α_pw
chan_16_alpha1,208,-0.1991811164333583,O2,α_pw
chan_16_alpha1,209,-0.1781200892675062,O2,α_pw
chan_16_alpha1,210,-0.0747673307688363,O2,α_pw
chan_16_alpha1,211,0.0133037992657161,O2,α_pw
chan_16_alpha1,212,-0.1275587005275288,O2,α_pw
chan_16_alpha1,213,-0.0541935324814506,O2,α_pw
chan_16_alpha1,214,0.1992043607715409,O2,α_pw
chan_16_alpha1,215,-0.0241729088822534,O2,α_pw
chan_16_alpha1,216,0.0153253902433543,O2,α_pw
chan_16_alpha1,217,-0.1923379729727759,O2,α_pw
chan_16_alpha1,218,-0.1727734312945036,O2,α_pw
chan_16_alpha1,219,-0.0827118417890125,O2,α_pw
chan_16_alpha1,220,-0.3247872229295198,O2,α_pw
chan_16_alpha1,221,-0.6191282213696053,O2,α_pw
chan_16_alpha1,222,-0.0349454498543688,O2,α_pw
chan_16_alpha1,223,-0.1463378803420809,O2,α_pw
chan_16_alpha1,224,-0.1044707571951087,O2,α_pw
chan_16_alpha1,225,-0.1882058822573142,O2,α_pw
chan_16_alpha1,226,-0.2181578866477346,O2,α_pw
chan_16_alpha1,227,-0.2776964903247977,O2,α_pw
chan_16_alpha1,228,0.0162009429815307,O2,α_pw
chan_16_alpha1,229,-0.1265609888925609,O2,α_pw
chan_16_alpha1,230,-0.1070403242576245,O2,α_pw
chan_16_alpha1,232,-0.0023725621552474,O2,α_pw
chan_16_alpha1,233,-0.2863850054326763,O2,α_pw
chan_16_alpha1,234,-0.0697512589933983,O2,α_pw
chan_16_alpha1,235,0.0057665107731292,O2,α_pw
chan_16_alpha1,236,-0.0536266381691179,O2,α_pw
chan_16_alpha1,237,-0.0943639919084345,O2,α_pw
chan_16_alpha1,238,-0.2085557085614538,O2,α_pw
chan_16_alpha1,239,-0.0982549211423941,O2,α_pw
chan_16_alpha1,240,-0.0087016331817813,O2,α_pw
chan_16_alpha1,241,-0.5792058184907883,O2,α_pw
chan_16_alpha2,201,-0.7476681075915362,O2,α_w
chan_16_alpha2,202,-0.3191079152852973,O2,α_w
chan_16_alpha2,203,-0.7530045266308433,O2,α_w
chan_16_alpha2,204,-0.9139829069078252,O2,α_w
chan_16_alpha2,205,-0.3004176961109458,O2,α_w
chan_16_alpha2,206,-1.0467111836171714,O2,α_w
chan_16_alpha2,207,-0.477703460299302,O2,α_w
chan_16_alpha2,208,-0.5392947159535247,O2,α_w
chan_16_alpha2,209,-0.3203883148290793,O2,α_w
chan_16_alpha2,210,-0.3767868466806945,O2,α_w
chan_16_alpha2,211,0.1232446746443139,O2,α_w
chan_16_alpha2,212,-0.2294662611202986,O2,α_w
chan_16_alpha2,213,-0.321041189246616,O2,α_w
chan_16_alpha2,214,-0.0108406844651885,O2,α_w
chan_16_alpha2,215,-0.0401384370660366,O2,α_w
chan_16_alpha2,216,-0.0340270335943104,O2,α_w
chan_16_alpha2,217,-0.6027695030575588,O2,α_w
chan_16_alpha2,218,-0.6079777437062017,O2,α_w
chan_16_alpha2,219,-0.3718455471051736,O2,α_w
chan_16_alpha2,220,-1.141170290109612,O2,α_w
chan_16_alpha2,221,-1.758060561069898,O2,α_w
chan_16_alpha2,222,-0.0587077819403642,O2,α_w
chan_16_alpha2,223,-0.3219013428290397,O2,α_w
chan_16_alpha2,224,-0.2232967336925307,O2,α_w
chan_16_alpha2,225,-0.2386709523403172,O2,α_w
chan_16_alpha2,226,-0.6143134213576927,O2,α_w
chan_16_alpha2,227,-0.8213437064530813,O2,α_w
chan_16_alpha2,228,0.1042384435627882,O2,α_w
chan_16_alpha2,229,-0.5348381808417608,O2,α_w
chan_16_alpha2,230,-0.4060751200481644,O2,α_w
chan_16_alpha2,232,-0.0158422523564806,O2,α_w
chan_16_alpha2,233,-1.0891429541292443,O2,α_w
chan_16_alpha2,234,-0.1222283982956306,O2,α_w
chan_16_alpha2,235,0.0842199217559365,O2,α_w
chan_16_alpha2,236,-0.2540975706771914,O2,α_w
chan_16_alpha2,237,-0.409879882541258,O2,α_w
chan_16_alpha2,238,-0.4629305761338153,O2,α_w
chan_16_alpha2,239,-0.4103965871757185,O2,α_w
chan_16_alpha2,240,-0.1119792803849276,O2,α_w
chan_16_alpha2,241,-1.6334935352637387,O2,α_w
chan_18_exponent0,201,0.1037605212909556,P8,AP_o
chan_18_exponent0,202,-0.010089650440496,P8,AP_o
chan_18_exponent0,203,0.0637584434729838,P8,AP_o
chan_18_exponent0,204,0.0671756939737923,P8,AP_o
chan_18_exponent0,205,-0.0043047630741408,P8,AP_o
chan_18_exponent0,206,-0.2252247890403563,P8,AP_o
chan_18_exponent0,207,0.0604453951708102,P8,AP_o
chan_18_exponent0,208,-0.2669901482060935,P8,AP_o
chan_18_exponent0,209,0.002113277605562,P8,AP_o
chan_18_exponent0,210,-0.009115916490691,P8,AP_o
chan_18_exponent0,211,0.1549683663777119,P8,AP_o
chan_18_exponent0,212,-0.1517169283258165,P8,AP_o
chan_18_exponent0,213,-0.0608942872486742,P8,AP_o
chan_18_exponent0,214,0.1945848567155516,P8,AP_o
chan_18_exponent0,215,-0.0621196160091248,P8,AP_o
chan_18_exponent0,216,0.1291430247577896,P8,AP_o
chan_18_exponent0,217,-0.043769297957924,P8,AP_o
chan_18_exponent0,218,-0.1604058205013394,P8,AP_o
chan_18_exponent0,219,-0.0069897000462263,P8,AP_o
chan_18_exponent0,220,-0.1268239649223709,P8,AP_o
chan_18_exponent0,221,-0.2578173872113755,P8,AP_o
chan_18_exponent0,222,0.0020620311051997,P8,AP_o
chan_18_exponent0,223,0.1350031044879152,P8,AP_o
chan_18_exponent0,224,-0.0606425074267423,P8,AP_o
chan_18_exponent0,225,-0.0437627602514013,P8,AP_o
chan_18_exponent0,226,-0.0073571501663211,P8,AP_o
chan_18_exponent0,227,0.0798307868414211,P8,AP_o
chan_18_exponent0,228,-0.0237606652934537,P8,AP_o
chan_18_exponent0,229,0.2127621591017684,P8,AP_o
chan_18_exponent0,230,-0.006869918041782,P8,AP_o
chan_18_exponent0,232,-0.0509684472645109,P8,AP_o
chan_18_exponent0,233,0.0175548791982389,P8,AP_o
chan_18_exponent0,234,-0.0420241058217448,P8,AP_o
chan_18_exponent0,235,-0.0133521318655633,P8,AP_o
chan_18_exponent0,236,-0.0332690715895269,P8,AP_o
chan_18_exponent0,237,0.0260861129011316,P8,AP_o
chan_18_exponent0,238,-0.2519561450086806,P8,AP_o
chan_18_exponent0,239,0.0230830844545235,P8,AP_o
chan_18_exponent0,240,-0.0097505546221496,P8,AP_o
chan_18_exponent0,241,-0.1327456430883759,P8,AP_o
chan_18_exponent1,201,0.1539706481899867,P8,AP_e
chan_18_exponent1,202,0.0382256616276451,P8,AP_e
chan_18_exponent1,203,0.1071393660596393,P8,AP_e
chan_18_exponent1,204,0.0521935335437692,P8,AP_e
chan_18_exponent1,205,0.0360825739619308,P8,AP_e
chan_18_exponent1,206,-0.107738182703773,P8,AP_e
chan_18_exponent1,207,0.1323702464581938,P8,AP_e
chan_18_exponent1,208,-0.0514066697727203,P8,AP_e
chan_18_exponent1,209,0.0401543762532701,P8,AP_e
chan_18_exponent1,210,0.0399228778553616,P8,AP_e
chan_18_exponent1,211,0.1119540349718613,P8,AP_e
chan_18_exponent1,212,-0.0298086572163723,P8,AP_e
chan_18_exponent1,213,-0.0181225485132468,P8,AP_e
chan_18_exponent1,214,0.2233219263718372,P8,AP_e
chan_18_exponent1,215,-0.0021767460681311,P8,AP_e
chan_18_exponent1,216,0.1449473052168186,P8,AP_e
chan_18_exponent1,217,0.0503085468869234,P8,AP_e
chan_18_exponent1,218,-0.0734380901960848,P8,AP_e
chan_18_exponent1,219,0.0418328609229759,P8,AP_e
chan_18_exponent1,220,-0.074773840166387,P8,AP_e
chan_18_exponent1,221,-0.0665944043650877,P8,AP_e
chan_18_exponent1,222,0.0107647778317798,P8,AP_e
chan_18_exponent1,223,0.1660469365126777,P8,AP_e
chan_18_exponent1,224,-0.0232781244534735,P8,AP_e
chan_18_exponent1,225,0.0031890627244864,P8,AP_e
chan_18_exponent1,226,0.0287167275032276,P8,AP_e
chan_18_exponent1,227,0.1194718853519044,P8,AP_e
chan_18_exponent1,228,0.0244553256109539,P8,AP_e
chan_18_exponent1,229,0.1683024783364861,P8,AP_e
chan_18_exponent1,230,0.0222043429486201,P8,AP_e
chan_18_exponent1,232,-0.0268167709985827,P8,AP_e
chan_18_exponent1,233,0.035355743660156,P8,AP_e
chan_18_exponent1,234,-0.0181795807067131,P8,AP_e
chan_18_exponent1,235,0.004638332198237,P8,AP_e
chan_18_exponent1,236,0.0196334141141805,P8,AP_e
chan_18_exponent1,237,0.0351586490739729,P8,AP_e
chan_18_exponent1,238,-0.1235658443671061,P8,AP_e
chan_18_exponent1,239,0.0440965992125754,P8,AP_e
chan_18_exponent1,240,0.0385294145941852,P8,AP_e
chan_18_exponent1,241,-0.0342781261923935,P8,AP_e
chan_18_alpha0,201,-1.779434147827598,P8,α_f
chan_18_alpha0,202,-1.988968632921358,P8,α_f
chan_18_alpha0,203,-1.61094929285186,P8,α_f
chan_18_alpha0,204,-0.6907701809045222,P8,α_f
chan_18_alpha0,205,-1.1347819222292046,P8,α_f
chan_18_alpha0,206,-1.7444367221077226,P8,α_f
chan_18_alpha0,207,-3.2812195712758,P8,α_f
chan_18_alpha0,208,-1.0638869874167565,P8,α_f
chan_18_alpha0,209,-0.8105723162003093,P8,α_f
chan_18_alpha0,210,-0.4967632535479948,P8,α_f
chan_18_alpha0,211,-0.2179459441467278,P8,α_f
chan_18_alpha0,212,0.3446115131531601,P8,α_f
chan_18_alpha0,213,-0.0755784618268241,P8,α_f
chan_18_alpha0,214,-0.6647111643384414,P8,α_f
chan_18_alpha0,215,-1.275954342642724,P8,α_f
chan_18_alpha0,216,0.36293742493039,P8,α_f
chan_18_alpha0,217,-1.1861726250349225,P8,α_f
chan_18_alpha0,218,-1.537009848896188,P8,α_f
chan_18_alpha0,219,-0.8770684685563763,P8,α_f
chan_18_alpha0,220,-2.118080335657413,P8,α_f
chan_18_alpha0,221,-2.9473937605109928,P8,α_f
chan_18_alpha0,222,-0.1603330316902225,P8,α_f
chan_18_alpha0,223,-0.6055720417924739,P8,α_f
chan_18_alpha0,224,-1.1370833086524106,P8,α_f
chan_18_alpha0,225,-0.6291586943077595,P8,α_f
chan_18_alpha0,226,-1.4806785876119526,P8,α_f
chan_18_alpha0,227,-2.013709019059028,P8,α_f
chan_18_alpha0,228,-0.1184438861846491,P8,α_f
chan_18_alpha0,229,-0.4907121855053441,P8,α_f
chan_18_alpha0,230,-0.9929138062344908,P8,α_f
chan_18_alpha0,232,-0.2014760369205435,P8,α_f
chan_18_alpha0,233,-2.3161712656199787,P8,α_f
chan_18_alpha0,234,-0.2721067670539458,P8,α_f
chan_18_alpha0,235,-0.0178687654490055,P8,α_f
chan_18_alpha0,236,-0.6904728047758812,P8,α_f
chan_18_alpha0,237,-0.2682089724139035,P8,α_f
chan_18_alpha0,238,-1.3513180796823705,P8,α_f
chan_18_alpha0,239,-0.7323215316051793,P8,α_f
chan_18_alpha0,240,-0.460946259603844,P8,α_f
chan_18_alpha0,241,-2.9983874973079367,P8,α_f
chan_18_alpha1,201,-0.4594428282493566,P8,α_pw
chan_18_alpha1,202,-0.3170770671739825,P8,α_pw
chan_18_alpha1,203,-0.2056773364196177,P8,α_pw
chan_18_alpha1,204,-0.1083897123993582,P8,α_pw
chan_18_alpha1,205,-0.1616180034491463,P8,α_pw
chan_18_alpha1,206,-0.3357430729071845,P8,α_pw
chan_18_alpha1,207,-0.5685666350624291,P8,α_pw
chan_18_alpha1,208,-0.2771793788621846,P8,α_pw
chan_18_alpha1,209,-0.2175462535546591,P8,α_pw
chan_18_alpha1,210,-0.0811503572462956,P8,α_pw
chan_18_alpha1,211,-0.0471850067151186,P8,α_pw
chan_18_alpha1,212,-0.0296075614937431,P8,α_pw
chan_18_alpha1,213,-0.0059616756954049,P8,α_pw
chan_18_alpha1,214,-0.3230193843610181,P8,α_pw
chan_18_alpha1,215,-0.2432718380764163,P8,α_pw
chan_18_alpha1,216,0.0032337697903954,P8,α_pw
chan_18_alpha1,217,-0.2093359451723135,P8,α_pw
chan_18_alpha1,218,-0.2469869463720395,P8,α_pw
chan_18_alpha1,219,-0.1024902399065303,P8,α_pw
chan_18_alpha1,220,-0.2973607138329705,P8,α_pw
chan_18_alpha1,221,-0.4900776212790703,P8,α_pw
chan_18_alpha1,222,-0.0168271341266247,P8,α_pw
chan_18_alpha1,223,-0.229935116840684,P8,α_pw
chan_18_alpha1,224,-0.1524685665770392,P8,α_pw
chan_18_alpha1,225,-0.191674453863513,P8,α_pw
chan_18_alpha1,226,-0.2515451855634207,P8,α_pw
chan_18_alpha1,227,-0.3826035555646207,P8,α_pw
chan_18_alpha1,228,-0.0631439829655631,P8,α_pw
chan_18_alpha1,229,-0.0543570295633193,P8,α_pw
chan_18_alpha1,230,-0.1344875963947226,P8,α_pw
chan_18_alpha1,232,-0.0185435035644654,P8,α_pw
chan_18_alpha1,233,-0.284516937392738,P8,α_pw
chan_18_alpha1,234,-0.0216474761344014,P8,α_pw
chan_18_alpha1,235,0.0004069606272524,P8,α_pw
chan_18_alpha1,236,-0.1070712779326934,P8,α_pw
chan_18_alpha1,237,-0.0360973102803962,P8,α_pw
chan_18_alpha1,238,-0.2947874680289611,P8,α_pw
chan_18_alpha1,239,-0.0981685485217097,P8,α_pw
chan_18_alpha1,240,-0.0461740346392789,P8,α_pw
chan_18_alpha1,241,-0.4352181296423908,P8,α_pw
chan_18_beta0,201,0.0545744895486981,P8,β_f
chan_18_beta0,202,0.9070050728710528,P8,β_f
chan_18_beta0,203,1.3596755571601404,P8,β_f
chan_18_beta0,204,0.1996984904517768,P8,β_f
chan_18_beta0,205,-0.1248964917200003,P8,β_f
chan_18_beta0,206,1.3882657750915128,P8,β_f
chan_18_beta0,207,1.559921118060426,P8,β_f
chan_18_beta0,208,-1.0931195433810852,P8,β_f
chan_18_beta0,209,-0.1679667047481191,P8,β_f
chan_18_beta0,210,-0.0287663308537053,P8,β_f
chan_18_beta0,211,0.1684656170049471,P8,β_f
chan_18_beta0,212,0.1914636493258723,P8,β_f
chan_18_beta0,213,-0.098354019045744,P8,β_f
chan_18_beta0,214,-0.6513115882869418,P8,β_f
chan_18_beta0,215,0.6593291318300672,P8,β_f
chan_18_beta0,216,-0.2079915437633888,P8,β_f
chan_18_beta0,217,0.5206368113424128,P8,β_f
chan_18_beta0,218,0.6652308608396019,P8,β_f
chan_18_beta0,219,-1.0724699877844897,P8,β_f
chan_18_beta0,220,-0.0612758418181714,P8,β_f
chan_18_beta0,221,-0.3734502948906441,P8,β_f
chan_18_beta0,222,-0.142344732952923,P8,β_f
chan_18_beta0,223,0.0326673292413415,P8,β_f
chan_18_beta0,224,0.6826131574956339,P8,β_f
chan_18_beta0,225,0.8341738778542135,P8,β_f
chan_18_beta0,226,0.1964807414072756,P8,β_f
chan_18_beta0,227,1.8709368096933967,P8,β_f
chan_18_beta0,228,-0.8180565167327882,P8,β_f
chan_18_beta0,229,-0.0186066157161452,P8,β_f
chan_18_beta0,230,0.3546295874268371,P8,β_f
chan_18_beta0,232,0.1638080309380455,P8,β_f
chan_18_beta0,233,0.8077580064726672,P8,β_f
chan_18_beta0,234,-0.7087585640757117,P8,β_f
chan_18_beta0,235,-0.1523405379857834,P8,β_f
chan_18_beta0,236,-1.9959220821303347,P8,β_f
chan_18_beta0,237,0.231659285090324,P8,β_f
chan_18_beta0,238,0.6904315835765883,P8,β_f
chan_18_beta0,239,0.5331350354626107,P8,β_f
chan_18_beta0,240,-0.8930316206211647,P8,β_f
chan_18_beta0,241,1.0583815209660252,P8,β_f
chan_18_beta1,201,-0.0772189467068217,P8,β_pw
chan_18_beta1,202,0.0101791109963951,P8,β_pw
chan_18_beta1,203,0.0918606486746684,P8,β_pw
chan_18_beta1,204,-0.0011854803783678,P8,β_pw
chan_18_beta1,205,-0.0573943656514334,P8,β_pw
chan_18_beta1,206,0.054493052723349,P8,β_pw
chan_18_beta1,207,-0.0068491605363192,P8,β_pw
chan_18_beta1,208,-0.1219917776785603,P8,β_pw
chan_18_beta1,209,-0.034927183699538,P8,β_pw
chan_18_beta1,210,-0.0698073982199333,P8,β_pw
chan_18_beta1,211,-0.0101271216789115,P8,β_pw
chan_18_beta1,212,-0.0666535527613538,P8,β_pw
chan_18_beta1,213,-0.0341435129782433,P8,β_pw
chan_18_beta1,214,-0.1060638045560331,P8,β_pw
chan_18_beta1,215,0.0226583612287749,P8,β_pw
chan_18_beta1,216,-0.052720053573646,P8,β_pw
chan_18_beta1,217,0.0149411229998664,P8,β_pw
chan_18_beta1,218,-0.0215001086512801,P8,β_pw
chan_18_beta1,219,-0.1124417195862117,P8,β_pw
chan_18_beta1,220,-0.0213324111647224,P8,β_pw
chan_18_beta1,221,-0.0785202785750737,P8,β_pw
chan_18_beta1,222,-0.0291265293440255,P8,β_pw
chan_18_beta1,223,-0.1118509349328889,P8,β_pw
chan_18_beta1,224,-0.0035971942054201,P8,β_pw
chan_18_beta1,225,1.3001115489970089e-05,P8,β_pw
chan_18_beta1,226,-0.0039340310702217,P8,β_pw
chan_18_beta1,227,0.0240345545641935,P8,β_pw
chan_18_beta1,228,-0.1026197278914305,P8,β_pw
chan_18_beta1,229,-0.0145705926586409,P8,β_pw
chan_18_beta1,230,0.0059603880720155,P8,β_pw
chan_18_beta1,232,-0.0276813842463885,P8,β_pw
chan_18_beta1,233,0.0026483801487109,P8,β_pw
chan_18_beta1,234,-0.0536957563670491,P8,β_pw
chan_18_beta1,235,-0.0017291667260233,P8,β_pw
chan_18_beta1,236,-0.1743563759997,P8,β_pw
chan_18_beta1,237,-0.0331836874158923,P8,β_pw
chan_18_beta1,238,0.0181933459156494,P8,β_pw
chan_18_beta1,239,-0.0109527130704696,P8,β_pw
chan_18_beta1,240,-0.070593228653434,P8,β_pw
chan_18_beta1,241,0.0243666165890189,P8,β_pw
chan_20_exponent1,201,0.0495574610408358,CP2,AP_e
chan_20_exponent1,202,0.0487382028076448,CP2,AP_e
chan_20_exponent1,203,0.0543413024217653,CP2,AP_e
chan_20_exponent1,204,0.0603633753907393,CP2,AP_e
chan_20_exponent1,205,0.0908992453688058,CP2,AP_e
chan_20_exponent1,206,-0.0880016939824388,CP2,AP_e
chan_20_exponent1,207,0.069115312734813,CP2,AP_e
chan_20_exponent1,208,-0.0109482073896135,CP2,AP_e
chan_20_exponent1,209,0.2225640959180345,CP2,AP_e
chan_20_exponent1,210,0.0840393782682983,CP2,AP_e
chan_20_exponent1,211,-0.0058018531654826,CP2,AP_e
chan_20_exponent1,212,-0.0211113487077963,CP2,AP_e
chan_20_exponent1,213,0.0529380805205791,CP2,AP_e
chan_20_exponent1,214,0.0063532094223078,CP2,AP_e
chan_20_exponent1,215,0.0888648441428582,CP2,AP_e
chan_20_exponent1,216,0.127113471841596,CP2,AP_e
chan_20_exponent1,217,0.0910057981359034,CP2,AP_e
chan_20_exponent1,218,-0.0242804188969509,CP2,AP_e
chan_20_exponent1,219,0.1048090847507436,CP2,AP_e
chan_20_exponent1,220,0.1893465488468656,CP2,AP_e
chan_20_exponent1,221,0.0570163396244537,CP2,AP_e
chan_20_exponent1,222,-0.0210045334344133,CP2,AP_e
chan_20_exponent1,223,0.0939300334905969,CP2,AP_e
chan_20_exponent1,224,0.0533257748779855,CP2,AP_e
chan_20_exponent1,225,0.1537488371587717,CP2,AP_e
chan_20_exponent1,226,0.0483757294336831,CP2,AP_e
chan_20_exponent1,227,0.1494014379729631,CP2,AP_e
chan_20_exponent1,228,0.1299320591807638,CP2,AP_e
chan_20_exponent1,229,0.0475366401704316,CP2,AP_e
chan_20_exponent1,230,0.2330956859251597,CP2,AP_e
chan_20_exponent1,232,0.0662319399057973,CP2,AP_e
chan_20_exponent1,233,0.0131125694798797,CP2,AP_e
chan_20_exponent1,234,0.0099210335663314,CP2,AP_e
chan_20_exponent1,235,-0.0027988167178501,CP2,AP_e
chan_20_exponent1,236,-0.0107366298885816,CP2,AP_e
chan_20_exponent1,237,0.0557808769627885,CP2,AP_e
chan_20_exponent1,238,0.0780802665894479,CP2,AP_e
chan_20_exponent1,239,0.0571701635348345,CP2,AP_e
chan_20_exponent1,240,0.0701470444280802,CP2,AP_e
chan_20_exponent1,241,0.0168397118915934,CP2,AP_e
chan_24_exponent0,201,0.1397381844123207,FT10,AP_o
chan_24_exponent0,202,0.0300501731036805,FT10,AP_o
chan_24_exponent0,203,-0.0920394060255991,FT10,AP_o
chan_24_exponent0,204,0.2111403767155223,FT10,AP_o
chan_24_exponent0,205,-0.0711870279066084,FT10,AP_o
chan_24_exponent0,206,-0.0923727342702978,FT10,AP_o
chan_24_exponent0,207,0.1373602652286946,FT10,AP_o
chan_24_exponent0,208,-0.0735798315335595,FT10,AP_o
chan_24_exponent0,209,0.3918146117549838,FT10,AP_o
chan_24_exponent0,210,-0.0375896622354189,FT10,AP_o
chan_24_exponent0,211,0.0711055825120763,FT10,AP_o
chan_24_exponent0,212,-0.1476725979260439,FT10,AP_o
chan_24_exponent0,213,-0.0852755326287212,FT10,AP_o
chan_24_exponent0,214,-0.1089797542704503,FT10,AP_o
chan_24_exponent0,215,0.0906816940566448,FT10,AP_o
chan_24_exponent0,216,0.0431390871000745,FT10,AP_o
chan_24_exponent0,217,-0.0059267462130815,FT10,AP_o
chan_24_exponent0,218,-0.0820038334182056,FT10,AP_o
chan_24_exponent0,219,-0.0012637592030152,FT10,AP_o
chan_24_exponent0,220,0.021712846683403,FT10,AP_o
chan_24_exponent0,221,-0.2325731451034912,FT10,AP_o
chan_24_exponent0,222,0.0540677098413086,FT10,AP_o
chan_24_exponent0,223,0.2137206268646259,FT10,AP_o
chan_24_exponent0,224,0.04452787631273,FT10,AP_o
chan_24_exponent0,225,0.0598771284276301,FT10,AP_o
chan_24_exponent0,226,0.0556227474790892,FT10,AP_o
chan_24_exponent0,227,0.2001480753418891,FT10,AP_o
chan_24_exponent0,228,0.1449251211101297,FT10,AP_o
chan_24_exponent0,229,-0.0115231717952569,FT10,AP_o
chan_24_exponent0,230,0.0425022815285355,FT10,AP_o
chan_24_exponent0,232,0.118295894889056,FT10,AP_o
chan_24_exponent0,233,0.0470478502159936,FT10,AP_o
chan_24_exponent0,234,-0.0587331344442011,FT10,AP_o
chan_24_exponent0,235,0.0155134708485678,FT10,AP_o
chan_24_exponent0,236,-0.0082840651141382,FT10,AP_o
chan_24_exponent0,237,0.0685947681561294,FT10,AP_o
chan_24_exponent0,238,-0.0368306295477673,FT10,AP_o
chan_24_exponent0,239,-0.0368985674775143,FT10,AP_o
chan_24_exponent0,240,0.0578703852264856,FT10,AP_o
chan_24_exponent0,241,-0.0595220205473833,FT10,AP_o
chan_25_exponent0,201,0.0785406084922426,FC6,AP_o
chan_25_exponent0,202,0.0490825346689627,FC6,AP_o
chan_25_exponent0,203,-0.0072687837158668,FC6,AP_o
chan_25_exponent0,204,0.2676049875661861,FC6,AP_o
chan_25_exponent0,205,0.03334558782613,FC6,AP_o
chan_25_exponent0,206,-0.0813025385253391,FC6,AP_o
chan_25_exponent0,207,0.1332198960042998,FC6,AP_o
chan_25_exponent0,208,-0.116148334313186,FC6,AP_o
chan_25_exponent0,209,0.3181942541427223,FC6,AP_o
chan_25_exponent0,210,0.1033133432587437,FC6,AP_o
chan_25_exponent0,211,0.1183421017338604,FC6,AP_o
chan_25_exponent0,212,-0.1172195527009579,FC6,AP_o
chan_25_exponent0,213,-0.1243487123017037,FC6,AP_o
chan_25_exponent0,214,-0.0781858787686927,FC6,AP_o
chan_25_exponent0,215,0.0353170717023561,FC6,AP_o
chan_25_exponent0,216,0.0558383386290462,FC6,AP_o
chan_25_exponent0,217,0.0501517383245596,FC6,AP_o
chan_25_exponent0,218,-0.0277591147609005,FC6,AP_o
chan_25_exponent0,219,0.0753438251512316,FC6,AP_o
chan_25_exponent0,220,0.0833845532116138,FC6,AP_o
chan_25_exponent0,221,-0.1288837171336486,FC6,AP_o
chan_25_exponent0,222,-0.0102346612467784,FC6,AP_o
chan_25_exponent0,223,0.1790082452401316,FC6,AP_o
chan_25_exponent0,224,0.1175055357082983,FC6,AP_o
chan_25_exponent0,225,0.2178804325223339,FC6,AP_o
chan_25_exponent0,226,0.0226036838826578,FC6,AP_o
chan_25_exponent0,227,0.2613118486391941,FC6,AP_o
chan_25_exponent0,228,0.1548397537341303,FC6,AP_o
chan_25_exponent0,229,-0.0131456534353001,FC6,AP_o
chan_25_exponent0,230,0.3545574847356085,FC6,AP_o
chan_25_exponent0,232,0.1606577552999397,FC6,AP_o
chan_25_exponent0,233,0.0859668225607384,FC6,AP_o
chan_25_exponent0,234,0.0096630333115819,FC6,AP_o
chan_25_exponent0,235,-0.0109436648834852,FC6,AP_o
chan_25_exponent0,236,-0.0276988530561768,FC6,AP_o
chan_25_exponent0,237,0.1086499242376695,FC6,AP_o
chan_25_exponent0,238,0.0549830989307918,FC6,AP_o
chan_25_exponent0,239,0.0015524332110355,FC6,AP_o
chan_25_exponent0,240,0.0279643687969108,FC6,AP_o
chan_25_exponent0,241,-0.0189534691434774,FC6,AP_o
chan_26_exponent1,201,0.0525198095253042,FC2,AP_e
chan_26_exponent1,202,0.0095950247083328,FC2,AP_e
chan_26_exponent1,203,0.0900795353833846,FC2,AP_e
chan_26_exponent1,204,0.1501305025100772,FC2,AP_e
chan_26_exponent1,205,0.1523680830978938,FC2,AP_e
chan_26_exponent1,206,-0.0615457090803375,FC2,AP_e
chan_26_exponent1,207,0.0901675612918564,FC2,AP_e
chan_26_exponent1,208,-0.0048613656967037,FC2,AP_e
chan_26_exponent1,209,0.2688182066959203,FC2,AP_e
chan_26_exponent1,210,-0.0089958111140848,FC2,AP_e
chan_26_exponent1,211,0.0666449907911891,FC2,AP_e
chan_26_exponent1,212,-0.0070436389535964,FC2,AP_e
chan_26_exponent1,213,0.0189937407809367,FC2,AP_e
chan_26_exponent1,214,0.025459231979911,FC2,AP_e
chan_26_exponent1,215,0.1408898090844818,FC2,AP_e
chan_26_exponent1,216,0.0890858842308432,FC2,AP_e
chan_26_exponent1,217,0.0786080446127946,FC2,AP_e
chan_26_exponent1,218,-0.0059341904890156,FC2,AP_e
chan_26_exponent1,219,0.1197317526427544,FC2,AP_e
chan_26_exponent1,220,0.1823665380625492,FC2,AP_e
chan_26_exponent1,221,0.0146061850342721,FC2,AP_e
chan_26_exponent1,222,-0.0105314119695672,FC2,AP_e
chan_26_exponent1,223,0.1362807099531186,FC2,AP_e
chan_26_exponent1,224,0.0934933521922402,FC2,AP_e
chan_26_exponent1,225,0.1804243941219754,FC2,AP_e
chan_26_exponent1,226,0.0639484842572438,FC2,AP_e
chan_26_exponent1,227,0.143585253424821,FC2,AP_e
chan_26_exponent1,228,0.1106636089470101,FC2,AP_e
chan_26_exponent1,229,0.0354061661106597,FC2,AP_e
chan_26_exponent1,230,0.2527360516822687,FC2,AP_e
chan_26_exponent1,232,0.108858458572057,FC2,AP_e
chan_26_exponent1,233,0.0515324536702556,FC2,AP_e
chan_26_exponent1,234,0.0457564670536515,FC2,AP_e
chan_26_exponent1,235,-0.0152701379808203,FC2,AP_e
chan_26_exponent1,236,-0.0608131198029985,FC2,AP_e
chan_26_exponent1,237,0.0589120188804899,FC2,AP_e
chan_26_exponent1,238,0.1102194103269029,FC2,AP_e
chan_26_exponent1,239,0.0521591286479343,FC2,AP_e
chan_26_exponent1,240,0.0216777763877541,FC2,AP_e
chan_26_exponent1,241,0.0947215433013969,FC2,AP_e
chan_28_exponent0,201,0.1254915776633387,F8,AP_o
chan_28_exponent0,202,0.0170433454085472,F8,AP_o
chan_28_exponent0,203,0.0456793585360192,F8,AP_o
chan_28_exponent0,204,0.3120192082473872,F8,AP_o
chan_28_exponent0,205,-0.0137368888453173,F8,AP_o
chan_28_exponent0,206,-0.1037833348454218,F8,AP_o
chan_28_exponent0,207,0.1787539909226034,F8,AP_o
chan_28_exponent0,208,-0.1656360963547355,F8,AP_o
chan_28_exponent0,209,0.4044624738144307,F8,AP_o
chan_28_exponent0,210,0.0501580959417381,F8,AP_o
chan_28_exponent0,211,0.1358924742717643,F8,AP_o
chan_28_exponent0,212,-0.1356342407919137,F8,AP_o
chan_28_exponent0,213,-0.0438458713610351,F8,AP_o
chan_28_exponent0,214,-0.0969983541383607,F8,AP_o
chan_28_exponent0,215,0.0838573826050786,F8,AP_o
chan_28_exponent0,216,0.005730963771597,F8,AP_o
chan_28_exponent0,217,0.0350319278936702,F8,AP_o
chan_28_exponent0,218,-0.1386325820063405,F8,AP_o
chan_28_exponent0,219,0.0059491440553172,F8,AP_o
chan_28_exponent0,220,0.0565092444949154,F8,AP_o
chan_28_exponent0,221,-0.2557423389320704,F8,AP_o
chan_28_exponent0,222,-0.0205300461426394,F8,AP_o
chan_28_exponent0,223,0.1925091105251604,F8,AP_o
chan_28_exponent0,224,0.1417216073730582,F8,AP_o
chan_28_exponent0,225,0.1991991073482111,F8,AP_o
chan_28_exponent0,226,0.0668865599471199,F8,AP_o
chan_28_exponent0,227,0.293610770379725,F8,AP_o
chan_28_exponent0,228,0.2060819114739351,F8,AP_o
chan_28_exponent0,229,-0.0666852670131879,F8,AP_o
chan_28_exponent0,230,0.1896294787986888,F8,AP_o
chan_28_exponent0,232,0.0472338734379726,F8,AP_o
chan_28_exponent0,233,0.0448525914780671,F8,AP_o
chan_28_exponent0,234,0.0063602341846467,F8,AP_o
chan_28_exponent0,235,-0.0288281693335859,F8,AP_o
chan_28_exponent0,236,-0.0912415489761679,F8,AP_o
chan_28_exponent0,237,0.0776641996135047,F8,AP_o
chan_28_exponent0,238,0.0413343522891844,F8,AP_o
chan_28_exponent0,239,-0.0590174973159957,F8,AP_o
chan_28_exponent0,240,0.1173691325932567,F8,AP_o
chan_28_exponent0,241,0.0226697930476922,F8,AP_o
chan_28_alpha0,201,-1.2814120445022583,F8,α_f
chan_28_alpha0,202,-0.7438430760757041,F8,α_f
chan_28_alpha0,203,-0.3288356702565426,F8,α_f
chan_28_alpha0,204,-1.9596414272399287,F8,α_f
chan_28_alpha0,205,-0.2596687022328162,F8,α_f
chan_28_alpha0,206,-1.6343924107785042,F8,α_f
chan_28_alpha0,207,-3.3990198342646365,F8,α_f
chan_28_alpha0,208,-1.9313763633888896,F8,α_f
chan_28_alpha0,209,-1.0061133750703963,F8,α_f
chan_28_alpha0,210,-0.3150687981296391,F8,α_f
chan_28_alpha0,211,-0.4284321590129684,F8,α_f
chan_28_alpha0,212,-0.7717804914574027,F8,α_f
chan_28_alpha0,213,0.3089235066452898,F8,α_f
chan_28_alpha0,214,-1.1979356134131047,F8,α_f
chan_28_alpha0,215,-1.072911179960233,F8,α_f
chan_28_alpha0,216,-1.0403908291196535,F8,α_f
chan_28_alpha0,217,-2.265336004564912,F8,α_f
chan_28_alpha0,218,-1.7087753457240635,F8,α_f
chan_28_alpha0,219,-0.1453921604389407,F8,α_f
chan_28_alpha0,220,-0.987034678827652,F8,α_f
chan_28_alpha0,221,-3.5168589445426184,F8,α_f
chan_28_alpha0,222,0.3798039426649919,F8,α_f
chan_28_alpha0,223,-1.2922620537147564,F8,α_f
chan_28_alpha0,224,-1.08517139658261,F8,α_f
chan_28_alpha0,225,-1.5570326576685307,F8,α_f
chan_28_alpha0,226,-2.02350979800228,F8,α_f
chan_28_alpha0,227,-1.180535362986671,F8,α_f
chan_28_alpha0,228,-0.5344110810652457,F8,α_f
chan_28_alpha0,229,-0.0264987449167434,F8,α_f
chan_28_alpha0,230,-1.3837556822352983,F8,α_f
chan_28_alpha0,232,-0.1236056053658085,F8,α_f
chan_28_alpha0,233,-1.2154630423943833,F8,α_f
chan_28_alpha0,234,-0.7380270986615772,F8,α_f
chan_28_alpha0,235,-0.039859188548056,F8,α_f
chan_28_alpha0,236,0.0457980140443833,F8,α_f
chan_28_alpha0,237,-0.0509709058540836,F8,α_f
chan_28_alpha0,238,-1.7529287844925705,F8,α_f
chan_28_alpha0,239,-0.6881876294596428,F8,α_f
chan_28_alpha0,240,-0.7841449571797854,F8,α_f
chan_28_alpha0,241,-3.2299546952812226,F8,α_f
chan_28_alpha1,201,-0.2304780131644212,F8,α_pw
chan_28_alpha1,202,-0.0729173698809597,F8,α_pw
chan_28_alpha1,203,-0.0355074314683255,F8,α_pw
chan_28_alpha1,204,-0.2532042625206574,F8,α_pw
chan_28_alpha1,205,-0.0327787125602038,F8,α_pw
chan_28_alpha1,206,-0.3081677866480205,F8,α_pw
chan_28_alpha1,207,-0.6359484173113944,F8,α_pw
chan_28_alpha1,208,-0.4961728530567502,F8,α_pw
chan_28_alpha1,209,-0.2021027692590873,F8,α_pw
chan_28_alpha1,210,-0.030337199799407,F8,α_pw
chan_28_alpha1,211,-0.0506566986499175,F8,α_pw
chan_28_alpha1,212,-0.1842613187973581,F8,α_pw
chan_28_alpha1,213,0.0455639308883375,F8,α_pw
chan_28_alpha1,214,-0.2204373091524632,F8,α_pw
chan_28_alpha1,215,-0.2242222863399614,F8,α_pw
chan_28_alpha1,216,-0.1693310179118606,F8,α_pw
chan_28_alpha1,217,-0.3179691415441892,F8,α_pw
chan_28_alpha1,218,-0.248241631077656,F8,α_pw
chan_28_alpha1,219,-0.0135433437971656,F8,α_pw
chan_28_alpha1,220,-0.1219920217006564,F8,α_pw
chan_28_alpha1,221,-0.6833081400311953,F8,α_pw
chan_28_alpha1,222,0.0384562966502836,F8,α_pw
chan_28_alpha1,223,-0.2833897354848559,F8,α_pw
chan_28_alpha1,224,-0.1294358799563084,F8,α_pw
chan_28_alpha1,225,-0.2985258168335191,F8,α_pw
chan_28_alpha1,226,-0.2603174580094083,F8,α_pw
chan_28_alpha1,227,-0.1775122648984082,F8,α_pw
chan_28_alpha1,228,-0.1816570018812133,F8,α_pw
chan_28_alpha1,229,-0.0023751753894242,F8,α_pw
chan_28_alpha1,230,-0.1612187516481496,F8,α_pw
chan_28_alpha1,232,-0.024948190369359,F8,α_pw
chan_28_alpha1,233,-0.145031989773338,F8,α_pw
chan_28_alpha1,234,-0.1078652230368162,F8,α_pw
chan_28_alpha1,235,-0.0076713593744822,F8,α_pw
chan_28_alpha1,236,0.0084433238846887,F8,α_pw
chan_28_alpha1,237,0.0048693141252825,F8,α_pw
chan_28_alpha1,238,-0.2768537072217561,F8,α_pw
chan_28_alpha1,239,-0.076369224395128,F8,α_pw
chan_28_alpha1,240,-0.0746083319359546,F8,α_pw
chan_28_alpha1,241,-0.4127916306639483,F8,α_pw
chan_29_exponent0,201,0.2024763182098628,Fp2,AP_o
chan_29_exponent0,202,0.0577995120347065,Fp2,AP_o
chan_29_exponent0,203,0.0435348589068681,Fp2,AP_o
chan_29_exponent0,204,0.2723322091896618,Fp2,AP_o
chan_29_exponent0,205,-0.0458537907188641,Fp2,AP_o
chan_29_exponent0,206,-0.1587842329101,Fp2,AP_o
chan_29_exponent0,207,0.1280414349405396,Fp2,AP_o
chan_29_exponent0,208,-0.0473579713684812,Fp2,AP_o
chan_29_exponent0,209,0.4084786939361587,Fp2,AP_o
chan_29_exponent0,210,0.0404273610688398,Fp2,AP_o
chan_29_exponent0,211,0.208176717206788,Fp2,AP_o
chan_29_exponent0,212,-0.1641288077732556,Fp2,AP_o
chan_29_exponent0,213,-0.0760036824586578,Fp2,AP_o
chan_29_exponent0,214,0.017073435012895,Fp2,AP_o
chan_29_exponent0,215,0.0959463999772276,Fp2,AP_o
chan_29_exponent0,216,-0.0052565132409407,Fp2,AP_o
chan_29_exponent0,217,0.0210333935586076,Fp2,AP_o
chan_29_exponent0,218,-0.2360035770073443,Fp2,AP_o
chan_29_exponent0,219,-0.1029266747588842,Fp2,AP_o
chan_29_exponent0,220,0.0561509073094423,Fp2,AP_o
chan_29_exponent0,221,-0.3357338511358096,Fp2,AP_o
chan_29_exponent0,222,-0.037347665571906,Fp2,AP_o
chan_29_exponent0,223,0.1859875615703636,Fp2,AP_o
chan_29_exponent0,224,0.1181464454533263,Fp2,AP_o
chan_29_exponent0,225,0.1902496985722198,Fp2,AP_o
chan_29_exponent0,226,0.0753910050882734,Fp2,AP_o
chan_29_exponent0,227,0.2457144643982279,Fp2,AP_o
chan_29_exponent0,228,0.2148246454330734,Fp2,AP_o
chan_29_exponent0,229,0.0366647603017161,Fp2,AP_o
chan_29_exponent0,230,0.2836899369188867,Fp2,AP_o
chan_29_exponent0,232,0.0340512491861414,Fp2,AP_o
chan_29_exponent0,233,0.0681627158414951,Fp2,AP_o
chan_29_exponent0,234,0.0225812385726309,Fp2,AP_o
chan_29_exponent0,235,-0.0060454971834816,Fp2,AP_o
chan_29_exponent0,236,-0.153118605390695,Fp2,AP_o
chan_29_exponent0,237,0.1901119929279497,Fp2,AP_o
chan_29_exponent0,238,-0.135818589640669,Fp2,AP_o
chan_29_exponent0,239,0.0007706673349166,Fp2,AP_o
chan_29_exponent0,240,0.0027734269848709,Fp2,AP_o
chan_29_exponent0,241,0.084938237856386,Fp2,AP_o
chan_29_alpha1,201,-0.3237778449391966,Fp2,α_pw
chan_29_alpha1,202,-0.1504055853217028,Fp2,α_pw
chan_29_alpha1,203,-0.074043917773525,Fp2,α_pw
chan_29_alpha1,204,-0.2150905288699246,Fp2,α_pw
chan_29_alpha1,205,-0.0117759926999606,Fp2,α_pw
chan_29_alpha1,206,-0.4121032129095288,Fp2,α_pw
chan_29_alpha1,207,-0.6384800544130542,Fp2,α_pw
chan_29_alpha1,208,-0.3787886770317276,Fp2,α_pw
chan_29_alpha1,209,-0.2455067123804638,Fp2,α_pw
chan_29_alpha1,210,-0.0659789364370954,Fp2,α_pw
chan_29_alpha1,211,-0.0537991371837851,Fp2,α_pw
chan_29_alpha1,212,-0.1252749960411966,Fp2,α_pw
chan_29_alpha1,213,-0.0262621536836203,Fp2,α_pw
chan_29_alpha1,214,-0.1881862270629172,Fp2,α_pw
chan_29_alpha1,215,-0.2543878886269921,Fp2,α_pw
chan_29_alpha1,216,-0.1997335306573113,Fp2,α_pw
chan_29_alpha1,217,-0.3301604376765096,Fp2,α_pw
chan_29_alpha1,218,-0.2994514570756785,Fp2,α_pw
chan_29_alpha1,219,-0.0805015983457923,Fp2,α_pw
chan_29_alpha1,220,-0.1324163539444257,Fp2,α_pw
chan_29_alpha1,221,-0.6950558063802111,Fp2,α_pw
chan_29_alpha1,222,-0.012069962114894,Fp2,α_pw
chan_29_alpha1,223,-0.3039271720876264,Fp2,α_pw
chan_29_alpha1,224,-0.1074803054310879,Fp2,α_pw
chan_29_alpha1,225,-0.3539356376201698,Fp2,α_pw
chan_29_alpha1,226,-0.2425374228158132,Fp2,α_pw
chan_29_alpha1,227,-0.1753788966187506,Fp2,α_pw
chan_29_alpha1,228,-0.2110568208032948,Fp2,α_pw
chan_29_alpha1,229,-0.051997972569835,Fp2,α_pw
chan_29_alpha1,230,-0.2210872769803034,Fp2,α_pw
chan_29_alpha1,232,-0.0190912405815478,Fp2,α_pw
chan_29_alpha1,233,-0.1784983977715003,Fp2,α_pw
chan_29_alpha1,234,-0.1040431488028819,Fp2,α_pw
chan_29_alpha1,235,0.0128551305263534,Fp2,α_pw
chan_29_alpha1,236,0.0232764060834979,Fp2,α_pw
chan_29_alpha1,237,-0.0044727756927695,Fp2,α_pw
chan_29_alpha1,238,-0.2907005574669402,Fp2,α_pw
chan_29_alpha1,239,-0.1371969289702824,Fp2,α_pw
chan_29_alpha1,240,-0.0756999980656603,Fp2,α_pw
chan_29_alpha1,241,-0.4058199010369883,Fp2,α_pw
